"HtmlFile","Href","ResolvedTarget","Exists"
"items\1-2-dollar-139.html","../prints/index.html","D:\github\ron-english-toys\prints\index.html","False"
"items\abraham-obama-611.html","../prints/index.html","D:\github\ron-english-toys\prints\index.html","False"
"items\abraham-obama-electoral-map-2012-723.html","../prints/index.html","D:\github\ron-english-toys\prints\index.html","False"
"items\action-jackson-615.html","../prints/index.html","D:\github\ron-english-toys\prints\index.html","False"
"items\action-jackson-bauhaus-678.html","../prints/index.html","D:\github\ron-english-toys\prints\index.html","False"
"items\alfred-e-newman-skull-300.html","../prints/index.html","D:\github\ron-english-toys\prints\index.html","False"
"items\alt-football-584.html","../prints/index.html","D:\github\ron-english-toys\prints\index.html","False"
"items\astro-grin-drawing-675.html","../prints/index.html","D:\github\ron-english-toys\prints\index.html","False"
"items\backyard-soldiers-382.html","../prints/index.html","D:\github\ron-english-toys\prints\index.html","False"
"items\bad-man-and-sidekick-129.html","../prints/index.html","D:\github\ron-english-toys\prints\index.html","False"
"items\batman-and-the-boy-blunder-badly-drawn-985.html","../prints/index.html","D:\github\ron-english-toys\prints\index.html","False"
"items\batman-brain-dream-1054.html","../prints/index.html","D:\github\ron-english-toys\prints\index.html","False"
"items\beau-lief-drawing-747.html","../prints/index.html","D:\github\ron-english-toys\prints\index.html","False"
"items\big-boner-sketch-406.html","../prints/index.html","D:\github\ron-english-toys\prints\index.html","False"
"items\big-duck-drawing-759.html","../prints/index.html","D:\github\ron-english-toys\prints\index.html","False"
"items\big-eye-marilyn-450.html","../prints/index.html","D:\github\ron-english-toys\prints\index.html","False"
"items\big-yang-the-yang-bangers-turnaround-sketch-499.html","../prints/index.html","D:\github\ron-english-toys\prints\index.html","False"
"items\breathe-925.html","../prints/index.html","D:\github\ron-english-toys\prints\index.html","False"
"items\brown-acid-trip-864.html","../prints/index.html","D:\github\ron-english-toys\prints\index.html","False"
"items\brute-33.html","../prints/index.html","D:\github\ron-english-toys\prints\index.html","False"
"items\camo-deer-in-autumn-338.html","../prints/index.html","D:\github\ron-english-toys\prints\index.html","False"
"items\camo-deer-in-early-spring-312.html","../prints/index.html","D:\github\ron-english-toys\prints\index.html","False"
"items\camo-deer-in-spring-bloom-254.html","../prints/index.html","D:\github\ron-english-toys\prints\index.html","False"
"items\camo-deer-in-winter-606.html","../prints/index.html","D:\github\ron-english-toys\prints\index.html","False"
"items\camo-deer-with-autumn-flowers-800.html","../prints/index.html","D:\github\ron-english-toys\prints\index.html","False"
"items\camo-deer-with-shark-92.html","../prints/index.html","D:\github\ron-english-toys\prints\index.html","False"
"items\camo-light-grenade-613.html","../prints/index.html","D:\github\ron-english-toys\prints\index.html","False"
"items\camo-peace-clown-313.html","../prints/index.html","D:\github\ron-english-toys\prints\index.html","False"
"items\camo-tramp-boy-505.html","../prints/index.html","D:\github\ron-english-toys\prints\index.html","False"
"items\capitan-kidd-119.html","../prints/index.html","D:\github\ron-english-toys\prints\index.html","False"
"items\captain-caption-232.html","../prints/index.html","D:\github\ron-english-toys\prints\index.html","False"
"items\captain-caption-430.html","../prints/index.html","D:\github\ron-english-toys\prints\index.html","False"
"items\captain-caption-979.html","../prints/index.html","D:\github\ron-english-toys\prints\index.html","False"
"items\capt-n-cornstarch-1004.html","../prints/index.html","D:\github\ron-english-toys\prints\index.html","False"
"items\carrot-man-656.html","../prints/index.html","D:\github\ron-english-toys\prints\index.html","False"
"items\cartoon-guernica-sketch-196.html","../prints/index.html","D:\github\ron-english-toys\prints\index.html","False"
"items\cat-fish-1025.html","../prints/index.html","D:\github\ron-english-toys\prints\index.html","False"
"items\cathy-cowgirl-760.html","../prints/index.html","D:\github\ron-english-toys\prints\index.html","False"
"items\cereal-killer-cap-n-cornstarch-sketch-356.html","../prints/index.html","D:\github\ron-english-toys\prints\index.html","False"
"items\cereal-killer-coco-paunch-sketch-311.html","../prints/index.html","D:\github\ron-english-toys\prints\index.html","False"
"items\cereal-killer-franken-fat-sketch-854.html","../prints/index.html","D:\github\ron-english-toys\prints\index.html","False"
"items\cereal-killer-fructose-peddlers-sketch-357.html","../prints/index.html","D:\github\ron-english-toys\prints\index.html","False"
"items\cereal-killer-fruit-looped-sketch-476.html","../prints/index.html","D:\github\ron-english-toys\prints\index.html","False"
"items\cereal-killer-sugar-diabetic-bear-sketch-227.html","../prints/index.html","D:\github\ron-english-toys\prints\index.html","False"
"items\cereal-killer-sugar-pow-sketch-728.html","../prints/index.html","D:\github\ron-english-toys\prints\index.html","False"
"items\cereal-killer-tricks-the-kids-sketch-799.html","../prints/index.html","D:\github\ron-english-toys\prints\index.html","False"
"items\cereal-killer-yucky-children-charmer-sketch-826.html","../prints/index.html","D:\github\ron-english-toys\prints\index.html","False"
"items\charlie-grin-turnaround-sketches-37.html","../prints/index.html","D:\github\ron-english-toys\prints\index.html","False"
"items\chihuahua-rex-402.html","../prints/index.html","D:\github\ron-english-toys\prints\index.html","False"
"items\cloud-deer-243.html","../prints/index.html","D:\github\ron-english-toys\prints\index.html","False"
"items\clown-school-437.html","../prints/index.html","D:\github\ron-english-toys\prints\index.html","False"
"items\combat-classic-portrait-91.html","../prints/index.html","D:\github\ron-english-toys\prints\index.html","False"
"items\combrat-carnival-874.html","../prints/index.html","D:\github\ron-english-toys\prints\index.html","False"
"items\comic-house-block-party-171.html","../prints/index.html","D:\github\ron-english-toys\prints\index.html","False"
"items\coulrophobic-clown-123.html","../prints/index.html","D:\github\ron-english-toys\prints\index.html","False"
"items\cowgirl-hotrod-988.html","../prints/index.html","D:\github\ron-english-toys\prints\index.html","False"
"items\demon-frankenstein-kaiju-479.html","../prints/index.html","D:\github\ron-english-toys\prints\index.html","False"
"items\diamond-star-skull-807.html","../prints/index.html","D:\github\ron-english-toys\prints\index.html","False"
"items\dinogrenade-26.html","../prints/index.html","D:\github\ron-english-toys\prints\index.html","False"
"items\dog-face-shell-drawing-960.html","../prints/index.html","D:\github\ron-english-toys\prints\index.html","False"
"items\duck-mermaid-drawing-113.html","../prints/index.html","D:\github\ron-english-toys\prints\index.html","False"
"items\elefanka-on-her-high-horse-156.html","../prints/index.html","D:\github\ron-english-toys\prints\index.html","False"
"items\elefanka-on-her-high-horse-drawing-850.html","../prints/index.html","D:\github\ron-english-toys\prints\index.html","False"
"items\eminem-grin-753.html","../prints/index.html","D:\github\ron-english-toys\prints\index.html","False"
"items\eyeball-dna-dock-drawing-468.html","../prints/index.html","D:\github\ron-english-toys\prints\index.html","False"
"items\eye-of-the-electric-illuminati-362.html","../prints/index.html","D:\github\ron-english-toys\prints\index.html","False"
"items\fairy-snail-drawing-882.html","../prints/index.html","D:\github\ron-english-toys\prints\index.html","False"
"items\fat-bart-167.html","../prints/index.html","D:\github\ron-english-toys\prints\index.html","False"
"items\fauxy-fox-174.html","../prints/index.html","D:\github\ron-english-toys\prints\index.html","False"
"items\figment-bust-turnaround-sketches-554.html","../prints/index.html","D:\github\ron-english-toys\prints\index.html","False"
"items\flintstones-origin-story-593.html","../prints/index.html","D:\github\ron-english-toys\prints\index.html","False"
"items\flower-girl-drawing-639.html","../prints/index.html","D:\github\ron-english-toys\prints\index.html","False"
"items\flower-mermaid-drawing-704.html","../prints/index.html","D:\github\ron-english-toys\prints\index.html","False"
"items\forlorn-unicorn-791.html","../prints/index.html","D:\github\ron-english-toys\prints\index.html","False"
"items\frankenfat-334.html","../prints/index.html","D:\github\ron-english-toys\prints\index.html","False"
"items\fruit-looped-559.html","../prints/index.html","D:\github\ron-english-toys\prints\index.html","False"
"items\giraffasaurus-943.html","../prints/index.html","D:\github\ron-english-toys\prints\index.html","False"
"items\godzilla-portal-269.html","../prints/index.html","D:\github\ron-english-toys\prints\index.html","False"
"items\grade-school-guernica-673.html","../prints/index.html","D:\github\ron-english-toys\prints\index.html","False"
"items\graff-mousemask-drawing-270.html","../prints/index.html","D:\github\ron-english-toys\prints\index.html","False"
"items\graveyard-guernica-sketches-840.html","../prints/index.html","D:\github\ron-english-toys\prints\index.html","False"
"items\gridiron-drawing-290.html","../prints/index.html","D:\github\ron-english-toys\prints\index.html","False"
"items\grin-david-drawing-844.html","../prints/index.html","D:\github\ron-english-toys\prints\index.html","False"
"items\grin-god-989.html","../prints/index.html","D:\github\ron-english-toys\prints\index.html","False"
"items\grin-peko-girl-325.html","../prints/index.html","D:\github\ron-english-toys\prints\index.html","False"
"items\grin-polka-tile-painting-380.html","../prints/index.html","D:\github\ron-english-toys\prints\index.html","False"
"items\grin-reeper-398.html","../prints/index.html","D:\github\ron-english-toys\prints\index.html","False"
"items\grin-reeper-mini-49.html","../prints/index.html","D:\github\ron-english-toys\prints\index.html","False"
"items\guernica-trilogy-351.html","../prints/index.html","D:\github\ron-english-toys\prints\index.html","False"
"items\heart-skull-sketch-247.html","../prints/index.html","D:\github\ron-english-toys\prints\index.html","False"
"items\hulkboy-sketch-827.html","../prints/index.html","D:\github\ron-english-toys\prints\index.html","False"
"items\jasper-johns-is-on-the-money-224.html","../prints/index.html","D:\github\ron-english-toys\prints\index.html","False"
"items\jeremiah-grin-718.html","../prints/index.html","D:\github\ron-english-toys\prints\index.html","False"
"items\jewsus-christ-superstar-632.html","../prints/index.html","D:\github\ron-english-toys\prints\index.html","False"
"items\joe-cancer-on-chemo-90.html","../prints/index.html","D:\github\ron-english-toys\prints\index.html","False"
"items\kaiju-clown-drawing-43.html","../prints/index.html","D:\github\ron-english-toys\prints\index.html","False"
"items\kiss-teletubbies-1082.html","../prints/index.html","D:\github\ron-english-toys\prints\index.html","False"
"items\lady-lips-kaiju-drawing-359.html","../prints/index.html","D:\github\ron-english-toys\prints\index.html","False"
"items\last-supper-in-south-park-30.html","../prints/index.html","D:\github\ron-english-toys\prints\index.html","False"
"items\last-supper-in-south-park-865.html","../prints/index.html","D:\github\ron-english-toys\prints\index.html","False"
"items\light-cult-crypto-club-framed-bulb-purple-784.html","../prints/index.html","D:\github\ron-english-toys\prints\index.html","False"
"items\lil-bigfoot-645.html","../prints/index.html","D:\github\ron-english-toys\prints\index.html","False"
"items\lil-bigfoot-drawing-188.html","../prints/index.html","D:\github\ron-english-toys\prints\index.html","False"
"items\love-cloud-185.html","../prints/index.html","D:\github\ron-english-toys\prints\index.html","False"
"items\lucy-dissect-470.html","../prints/index.html","D:\github\ron-english-toys\prints\index.html","False"
"items\mad-mickey-grin-434.html","../prints/index.html","D:\github\ron-english-toys\prints\index.html","False"
"items\mc-grin-726.html","../prints/index.html","D:\github\ron-english-toys\prints\index.html","False"
"items\mc-snowglobe-eyes-drawing-1024.html","../prints/index.html","D:\github\ron-english-toys\prints\index.html","False"
"items\mcsupersized.html","../review/index.html","D:\github\ron-english-toys\review\index.html","False"
"items\mc-supersized-dissect-purple-variant-884.html","../prints/index.html","D:\github\ron-english-toys\prints\index.html","False"
"items\mc-supersized-sketch-702.html","../prints/index.html","D:\github\ron-english-toys\prints\index.html","False"
"items\mctripping-977.html","../prints/index.html","D:\github\ron-english-toys\prints\index.html","False"
"items\metallica-dots-179.html","../prints/index.html","D:\github\ron-english-toys\prints\index.html","False"
"items\monarch-elephant-177.html","../prints/index.html","D:\github\ron-english-toys\prints\index.html","False"
"items\monarch-elephant-profile-498.html","../prints/index.html","D:\github\ron-english-toys\prints\index.html","False"
"items\monarch-ship-594.html","../prints/index.html","D:\github\ron-english-toys\prints\index.html","False"
"items\monkey-joseph-drawing-16.html","../prints/index.html","D:\github\ron-english-toys\prints\index.html","False"
"items\montana-mouse-drawing-181.html","../prints/index.html","D:\github\ron-english-toys\prints\index.html","False"
"items\mousemask-graveyard-538.html","../prints/index.html","D:\github\ron-english-toys\prints\index.html","False"
"items\mousemask-murphy-in-airplane-turnaround-sketches-277.html","../prints/index.html","D:\github\ron-english-toys\prints\index.html","False"
"items\muslim-mickey-495.html","../prints/index.html","D:\github\ron-english-toys\prints\index.html","False"
"items\obama-hulk-102.html","../prints/index.html","D:\github\ron-english-toys\prints\index.html","False"
"items\old-charlie-profile-751.html","../prints/index.html","D:\github\ron-english-toys\prints\index.html","False"
"items\paws-profile-drawing-414.html","../prints/index.html","D:\github\ron-english-toys\prints\index.html","False"
"items\phat-food-677.html","../prints/index.html","D:\github\ron-english-toys\prints\index.html","False"
"items\pinocchio-grin-profile-644.html","../prints/index.html","D:\github\ron-english-toys\prints\index.html","False"
"items\plaid-tile-dead-toy-soldier-painting-blue-472.html","../prints/index.html","D:\github\ron-english-toys\prints\index.html","False"
"items\plaid-tile-dead-toy-soldier-painting-green-491.html","../prints/index.html","D:\github\ron-english-toys\prints\index.html","False"
"items\plaid-tile-dead-toy-soldier-painting-purple-1061.html","../prints/index.html","D:\github\ron-english-toys\prints\index.html","False"
"items\plaid-tile-dead-toy-soldier-painting-red-1074.html","../prints/index.html","D:\github\ron-english-toys\prints\index.html","False"
"items\pop-marilyn-mickeys-394.html","../prints/index.html","D:\github\ron-english-toys\prints\index.html","False"
"items\potato-rabbbit-in-delusionville-664.html","../prints/index.html","D:\github\ron-english-toys\prints\index.html","False"
"items\poultry-rex-revolution-45.html","../prints/index.html","D:\github\ron-english-toys\prints\index.html","False"
"items\primus-new-york-ny-2012-816.html","../prints/index.html","D:\github\ron-english-toys\prints\index.html","False"
"items\purple-dinosaurus-71.html","../prints/index.html","D:\github\ron-english-toys\prints\index.html","False"
"items\r2-d2-star-wars-grin-605.html","../prints/index.html","D:\github\ron-english-toys\prints\index.html","False"
"items\rabbbit-house-319.html","../prints/index.html","D:\github\ron-english-toys\prints\index.html","False"
"items\rabbit-flower-drawing-163.html","../prints/index.html","D:\github\ron-english-toys\prints\index.html","False"
"items\rabbit-of-inle-733.html","../prints/index.html","D:\github\ron-english-toys\prints\index.html","False"
"items\rainbow-figment-490.html","../prints/index.html","D:\github\ron-english-toys\prints\index.html","False"
"items\rainbow-giraffe-565.html","../prints/index.html","D:\github\ron-english-toys\prints\index.html","False"
"items\rhinocorn-824.html","../prints/index.html","D:\github\ron-english-toys\prints\index.html","False"
"items\rick-and-morty-grin-819.html","../prints/index.html","D:\github\ron-english-toys\prints\index.html","False"
"items\ron-english-1-938.html","../prints/index.html","D:\github\ron-english-toys\prints\index.html","False"
"items\ron-english-2-1005.html","../prints/index.html","D:\github\ron-english-toys\prints\index.html","False"
"items\ron-english-3-839.html","../prints/index.html","D:\github\ron-english-toys\prints\index.html","False"
"items\santa-flower-drawing-537.html","../prints/index.html","D:\github\ron-english-toys\prints\index.html","False"
"items\slo-moe-evolution-drawing-890.html","../prints/index.html","D:\github\ron-english-toys\prints\index.html","False"
"items\son-of-electric-illuminati-510.html","../prints/index.html","D:\github\ron-english-toys\prints\index.html","False"
"items\south-american-butterfly-116.html","../prints/index.html","D:\github\ron-english-toys\prints\index.html","False"
"items\starskull-dj-1046.html","../prints/index.html","D:\github\ron-english-toys\prints\index.html","False"
"items\starskull-flower-87.html","../prints/index.html","D:\github\ron-english-toys\prints\index.html","False"
"items\star-skull-nine-714.html","../prints/index.html","D:\github\ron-english-toys\prints\index.html","False"
"items\status-faction-347.html","../prints/index.html","D:\github\ron-english-toys\prints\index.html","False"
"items\status-faction-732.html","../prints/index.html","D:\github\ron-english-toys\prints\index.html","False"
"items\stormtrooper-grin-1084.html","../prints/index.html","D:\github\ron-english-toys\prints\index.html","False"
"items\super-boy-877.html","../prints/index.html","D:\github\ron-english-toys\prints\index.html","False"
"items\superman-badly-drawn-883.html","../prints/index.html","D:\github\ron-english-toys\prints\index.html","False"
"items\techno-kitty-character-sketches-245.html","../prints/index.html","D:\github\ron-english-toys\prints\index.html","False"
"items\teddy-bear-grin-drawing-695.html","../prints/index.html","D:\github\ron-english-toys\prints\index.html","False"
"items\temper-pac-910.html","../prints/index.html","D:\github\ron-english-toys\prints\index.html","False"
"items\temper-tot-drawing-792.html","../prints/index.html","D:\github\ron-english-toys\prints\index.html","False"
"items\texas-cartoon-cowgirl-253.html","../prints/index.html","D:\github\ron-english-toys\prints\index.html","False"
"items\the-artist-s-house-234.html","../prints/index.html","D:\github\ron-english-toys\prints\index.html","False"
"items\the-chase-temper-tot-dinogrenade-limited-edition-of-30-94.html","../prints/index.html","D:\github\ron-english-toys\prints\index.html","False"
"items\the-creation-of-ape-368.html","../prints/index.html","D:\github\ron-english-toys\prints\index.html","False"
"items\the-electric-ghosts-daniel-johnston-jack-medicine-513.html","../prints/index.html","D:\github\ron-english-toys\prints\index.html","False"
"items\the-fourth-wall-810.html","../prints/index.html","D:\github\ron-english-toys\prints\index.html","False"
"items\the-greatest-story-ever-sold-966.html","../prints/index.html","D:\github\ron-english-toys\prints\index.html","False"
"items\the-poor-55.html","../prints/index.html","D:\github\ron-english-toys\prints\index.html","False"
"items\there-goes-the-neighborhood-1034.html","../prints/index.html","D:\github\ron-english-toys\prints\index.html","False"
"items\the-ugliest-man-in-the-universe-drawing-176.html","../prints/index.html","D:\github\ron-english-toys\prints\index.html","False"
"items\tricky-352.html","../prints/index.html","D:\github\ron-english-toys\prints\index.html","False"
"items\tupac-temper-tot-1018.html","../prints/index.html","D:\github\ron-english-toys\prints\index.html","False"
"items\turtle-hare-hotrod-724.html","../prints/index.html","D:\github\ron-english-toys\prints\index.html","False"
"items\tyrannosaurus-dick-74.html","../prints/index.html","D:\github\ron-english-toys\prints\index.html","False"
"items\uncle-scam-drawing-1075.html","../prints/index.html","D:\github\ron-english-toys\prints\index.html","False"
"items\union-jack-tiger-973.html","../prints/index.html","D:\github\ron-english-toys\prints\index.html","False"
"items\virgin-romance-614.html","../prints/index.html","D:\github\ron-english-toys\prints\index.html","False"
"items\weed-seed-drawing-1063.html","../prints/index.html","D:\github\ron-english-toys\prints\index.html","False"
"items\werewool-276.html","../prints/index.html","D:\github\ron-english-toys\prints\index.html","False"
"items\young-andy-995.html","../prints/index.html","D:\github\ron-english-toys\prints\index.html","False"
"items\young-mc-532.html","../prints/index.html","D:\github\ron-english-toys\prints\index.html","False"
"items\yucky-children-charmer-998.html","../prints/index.html","D:\github\ron-english-toys\prints\index.html","False"
"items\zarkana-ron-english-698.html","../prints/index.html","D:\github\ron-english-toys\prints\index.html","False"
"items\zelephant-412.html","../prints/index.html","D:\github\ron-english-toys\prints\index.html","False"
"items\zephyr-zelephant-267.html","../prints/index.html","D:\github\ron-english-toys\prints\index.html","False"
"original-art\index.html","../prints/index.html","D:\github\ron-english-toys\prints\index.html","False"
"original-art\index.html","../review/index.html","D:\github\ron-english-toys\review\index.html","False"
"sculptures\index.html","../items/48-atomic-orange-charlie-grin-nft-762.html","D:\github\ron-english-toys\items\48-atomic-orange-charlie-grin-nft-762.html","False"
"sculptures\index.html","../items/48-green-telegrinnie-993.html","D:\github\ron-english-toys\items\48-green-telegrinnie-993.html","False"
"sculptures\index.html","../items/84-black-starskull-walkimg-stick-462.html","D:\github\ron-english-toys\items\84-black-starskull-walkimg-stick-462.html","False"
"sculptures\index.html","../items/cathy-cowgirl-pink-limited-edition-of-30-552.html","D:\github\ron-english-toys\items\cathy-cowgirl-pink-limited-edition-of-30-552.html","False"
"sculptures\index.html","../items/fat-tony-limited-edition-of-30-47.html","D:\github\ron-english-toys\items\fat-tony-limited-edition-of-30-47.html","False"
"sculptures\index.html","../items/mousemask-murphy-in-airplane-limited-edition-of-30-1073.html","D:\github\ron-english-toys\items\mousemask-murphy-in-airplane-limited-edition-of-30-1073.html","False"
"sculptures\index.html","../items/ron-english-giant-scratch-1-1055.html","D:\github\ron-english-toys\items\ron-english-giant-scratch-1-1055.html","False"
"sculptures\index.html","../items/ron-english-giant-scratch-2-268.html","D:\github\ron-english-toys\items\ron-english-giant-scratch-2-268.html","False"
"sculptures\index.html","../items/ron-english-giant-ted-1-241.html","D:\github\ron-english-toys\items\ron-english-giant-ted-1-241.html","False"
"sculptures\index.html","../items/ron-english-giant-ted-2-530.html","D:\github\ron-english-toys\items\ron-english-giant-ted-2-530.html","False"
"sculptures\index.html","../items/telegrinnie-4ft-gold-549.html","D:\github\ron-english-toys\items\telegrinnie-4ft-gold-549.html","False"
"sculptures\index.html","../items/telegrinnie-4ft-red-21.html","D:\github\ron-english-toys\items\telegrinnie-4ft-red-21.html","False"
"sculptures\index.html","../items/telegrinnie-4ft-yellow-118.html","D:\github\ron-english-toys\items\telegrinnie-4ft-yellow-118.html","False"
"sculptures\index.html","../items/two-ton-sam-limited-edition-of-30-413.html","D:\github\ron-english-toys\items\two-ton-sam-limited-edition-of-30-413.html","False"
"toys\art-toys-and-editions\cereal-killers\capn-cornstarch\index.html","../../../../../index.html","D:\github\index.html","False"
"toys\art-toys-and-editions\cereal-killers\capn-cornstarch\index.html","../../../../../sculptures/index.html","D:\github\sculptures\index.html","False"
"toys\art-toys-and-editions\cereal-killers\capn-cornstarch\index.html","../../../../../toys/art-toys-and-editions/index.html","D:\github\toys\art-toys-and-editions\index.html","False"
"toys\art-toys-and-editions\cereal-killers\capn-cornstarch\index.html","../../../../../toys/custom-toys/index.html","D:\github\toys\custom-toys\index.html","False"
"toys\art-toys-and-editions\cereal-killers\fat-tony\index.html","../../../../../index.html","D:\github\index.html","False"
"toys\art-toys-and-editions\cereal-killers\fat-tony\index.html","../../../../../sculptures/index.html","D:\github\sculptures\index.html","False"
"toys\art-toys-and-editions\cereal-killers\fat-tony\index.html","../../../../../toys/art-toys-and-editions/index.html","D:\github\toys\art-toys-and-editions\index.html","False"
"toys\art-toys-and-editions\cereal-killers\fat-tony\index.html","../../../../../toys/custom-toys/index.html","D:\github\toys\custom-toys\index.html","False"
"toys\art-toys-and-editions\cereal-killers\smack-crack-and-pot\index.html","../../../../../index.html","D:\github\index.html","False"
"toys\art-toys-and-editions\cereal-killers\smack-crack-and-pot\index.html","../../../../../sculptures/index.html","D:\github\sculptures\index.html","False"
"toys\art-toys-and-editions\cereal-killers\smack-crack-and-pot\index.html","../../../../../toys/art-toys-and-editions/index.html","D:\github\toys\art-toys-and-editions\index.html","False"
"toys\art-toys-and-editions\cereal-killers\smack-crack-and-pot\index.html","../../../../../toys/custom-toys/index.html","D:\github\toys\custom-toys\index.html","False"
"toys\art-toys-and-editions\mousezilla\index.html","../../../items/Mousezilla%20-%20Disguisedzilla-541.html","D:\github\ron-english-toys\items\Mousezilla - Disguisedzilla-541.html","False"
"toys\art-toys-and-editions\mousezilla\index.html","../../../items/Mousezilla%20-%20Hologramzilla-307.html","D:\github\ron-english-toys\items\Mousezilla - Hologramzilla-307.html","False"
"toys\a-z\index.html","../../items/1-1-bart-grin-og-52.html","D:\github\ron-english-toys\items\1-1-bart-grin-og-52.html","False"
"toys\a-z\index.html","../../items/48-atomic-orange-charlie-grin-nft-762.html","D:\github\ron-english-toys\items\48-atomic-orange-charlie-grin-nft-762.html","False"
"toys\a-z\index.html","../../items/48-green-telegrinnie-993.html","D:\github\ron-english-toys\items\48-green-telegrinnie-993.html","False"
"toys\a-z\index.html","../../items/84-black-starskull-walkimg-stick-462.html","D:\github\ron-english-toys\items\84-black-starskull-walkimg-stick-462.html","False"
"toys\a-z\index.html","../../items/action-jackson-480.html","D:\github\ron-english-toys\items\action-jackson-480.html","False"
"toys\a-z\index.html","../../items/action-jackson-and-bauhaus-barbie-giclee-print-233.html","D:\github\ron-english-toys\items\action-jackson-and-bauhaus-barbie-giclee-print-233.html","False"
"toys\a-z\index.html","../../items/action-mc-173.html","D:\github\ron-english-toys\items\action-mc-173.html","False"
"toys\a-z\index.html","../../items/all-american-temper-tot-print-193.html","D:\github\ron-english-toys\items\all-american-temper-tot-print-193.html","False"
"toys\a-z\index.html","../../items/american-depressed-print-842.html","D:\github\ron-english-toys\items\american-depressed-print-842.html","False"
"toys\a-z\index.html","../../items/blanka-15-figure-82.html","D:\github\ron-english-toys\items\blanka-15-figure-82.html","False"
"toys\a-z\index.html","../../items/camo-boy-lenticular-print-1047.html","D:\github\ron-english-toys\items\camo-boy-lenticular-print-1047.html","False"
"toys\a-z\index.html","../../items/cassie-cowgirl-circus-sideshow-27.html","D:\github\ron-english-toys\items\cassie-cowgirl-circus-sideshow-27.html","False"
"toys\a-z\index.html","../../items/cathy-cowgirl-pink-limited-edition-of-30-552.html","D:\github\ron-english-toys\items\cathy-cowgirl-pink-limited-edition-of-30-552.html","False"
"toys\a-z\index.html","../../items/cereal-killers-yucky-children-charmer-752.html","D:\github\ron-english-toys\items\cereal-killers-yucky-children-charmer-752.html","False"
"toys\a-z\index.html","../../items/charlie-grin-mono-jps-exclusive-539.html","D:\github\ron-english-toys\items\charlie-grin-mono-jps-exclusive-539.html","False"
"toys\a-z\index.html","../../items/dinogrenade-hand-painted-740.html","D:\github\ron-english-toys\items\dinogrenade-hand-painted-740.html","False"
"toys\a-z\index.html","../../items/dinogrenade-hand-painted-69.html","D:\github\ron-english-toys\items\dinogrenade-hand-painted-69.html","False"
"toys\a-z\index.html","../../items/dinogrenade-hand-painted-409.html","D:\github\ron-english-toys\items\dinogrenade-hand-painted-409.html","False"
"toys\a-z\index.html","../../items/Mousezilla - Disguisedzilla-541.html","D:\github\ron-english-toys\items\Mousezilla - Disguisedzilla-541.html","False"
"toys\a-z\index.html","../../items/evil-mc-golden-boy-680.html","D:\github\ron-english-toys\items\evil-mc-golden-boy-680.html","False"
"toys\a-z\index.html","../../items/fat-tony-limited-edition-of-30-47.html","D:\github\ron-english-toys\items\fat-tony-limited-edition-of-30-47.html","False"
"toys\a-z\index.html","../../items/flesh-colored-blank-mousezilla-514.html","D:\github\ron-english-toys\items\flesh-colored-blank-mousezilla-514.html","False"
"toys\a-z\index.html","../../items/gid-artist-gnome-381.html","D:\github\ron-english-toys\items\gid-artist-gnome-381.html","False"
"toys\a-z\index.html","../../items/gold-iron-skin-grin-551.html","D:\github\ron-english-toys\items\gold-iron-skin-grin-551.html","False"
"toys\a-z\index.html","../../items/heart-brain-pink-621.html","D:\github\ron-english-toys\items\heart-brain-pink-621.html","False"
"toys\a-z\index.html","../../items/Mousezilla - Hologramzilla-307.html","D:\github\ron-english-toys\items\Mousezilla - Hologramzilla-307.html","False"
"toys\a-z\index.html","../../items/hop-hop-police-grin-action-figure-nycc-20-951.html","D:\github\ron-english-toys\items\hop-hop-police-grin-action-figure-nycc-20-951.html","False"
"toys\a-z\index.html","../../items/iron-skin-grin-440.html","D:\github\ron-english-toys\items\iron-skin-grin-440.html","False"
"toys\a-z\index.html","../../items/jewsus-circus-sideshow-327.html","D:\github\ron-english-toys\items\jewsus-circus-sideshow-327.html","False"
"toys\a-z\index.html","../../items/little-bigfoot-screen-print-652.html","D:\github\ron-english-toys\items\little-bigfoot-screen-print-652.html","False"
"toys\a-z\index.html","../../items/mc-super-hero-439.html","D:\github\ron-english-toys\items\mc-super-hero-439.html","False"
"toys\a-z\index.html","../../items/money-print-1-860.html","D:\github\ron-english-toys\items\money-print-1-860.html","False"
"toys\a-z\index.html","../../items/money-print-2-32.html","D:\github\ron-english-toys\items\money-print-2-32.html","False"
"toys\a-z\index.html","../../items/mousemask-murphy-in-airplane-limited-edition-of-30-1073.html","D:\github\ron-english-toys\items\mousemask-murphy-in-airplane-limited-edition-of-30-1073.html","False"
"toys\a-z\index.html","../../items/Mousezilla - Green &amp; Yellow-1029.html","D:\github\ron-english-toys\items\Mousezilla - Green &amp; Yellow-1029.html","False"
"toys\a-z\index.html","../../items/obese-alien-411.html","D:\github\ron-english-toys\items\obese-alien-411.html","False"
"toys\a-z\index.html","../../items/old-chuck-578.html","D:\github\ron-english-toys\items\old-chuck-578.html","False"
"toys\a-z\index.html","../../items/poobah-546.html","D:\github\ron-english-toys\items\poobah-546.html","False"
"toys\a-z\index.html","../../items/popeye-grin-gid-version-186.html","D:\github\ron-english-toys\items\popeye-grin-gid-version-186.html","False"
"toys\a-z\index.html","../../items/poultry-rex-painted-purple-dcon-16-95.html","D:\github\ron-english-toys\items\poultry-rex-painted-purple-dcon-16-95.html","False"
"toys\a-z\index.html","../../items/poultry-rex-slime-green-443.html","D:\github\ron-english-toys\items\poultry-rex-slime-green-443.html","False"
"toys\a-z\index.html","../../items/ron-english-giant-scratch-1-1055.html","D:\github\ron-english-toys\items\ron-english-giant-scratch-1-1055.html","False"
"toys\a-z\index.html","../../items/ron-english-giant-scratch-2-268.html","D:\github\ron-english-toys\items\ron-english-giant-scratch-2-268.html","False"
"toys\a-z\index.html","../../items/ron-english-giant-ted-1-241.html","D:\github\ron-english-toys\items\ron-english-giant-ted-1-241.html","False"
"toys\a-z\index.html","../../items/ron-english-giant-ted-2-530.html","D:\github\ron-english-toys\items\ron-english-giant-ted-2-530.html","False"
"toys\a-z\index.html","../../items/ronnie-rabbbit-705.html","D:\github\ron-english-toys\items\ronnie-rabbbit-705.html","False"
"toys\a-z\index.html","../../items/ronnnie-rabbbit-108.html","D:\github\ron-english-toys\items\ronnnie-rabbbit-108.html","False"
"toys\a-z\index.html","../../items/super-size-me-movie-print-489.html","D:\github\ron-english-toys\items\super-size-me-movie-print-489.html","False"
"toys\a-z\index.html","../../items/telegrinnie-4ft-gold-549.html","D:\github\ron-english-toys\items\telegrinnie-4ft-gold-549.html","False"
"toys\a-z\index.html","../../items/telegrinnie-4ft-red-21.html","D:\github\ron-english-toys\items\telegrinnie-4ft-red-21.html","False"
"toys\a-z\index.html","../../items/telegrinnie-4ft-yellow-118.html","D:\github\ron-english-toys\items\telegrinnie-4ft-yellow-118.html","False"
"toys\a-z\index.html","../../items/temper-tot-print-a-373.html","D:\github\ron-english-toys\items\temper-tot-print-a-373.html","False"
"toys\a-z\index.html","../../items/temper-tot-print-b-786.html","D:\github\ron-english-toys\items\temper-tot-print-b-786.html","False"
"toys\a-z\index.html","../../items/temper-tot-print-c-1066.html","D:\github\ron-english-toys\items\temper-tot-print-c-1066.html","False"
"toys\a-z\index.html","../../items/temper-tot-print-d-734.html","D:\github\ron-english-toys\items\temper-tot-print-d-734.html","False"
"toys\a-z\index.html","../../items/temper-tot-print-e-364.html","D:\github\ron-english-toys\items\temper-tot-print-e-364.html","False"
"toys\a-z\index.html","../../items/temper-tot-print-f-85.html","D:\github\ron-english-toys\items\temper-tot-print-f-85.html","False"
"toys\a-z\index.html","../../items/temper-tot-print-g-1035.html","D:\github\ron-english-toys\items\temper-tot-print-g-1035.html","False"
"toys\a-z\index.html","../../items/temper-tot-print-h-688.html","D:\github\ron-english-toys\items\temper-tot-print-h-688.html","False"
"toys\a-z\index.html","../../items/temper-tot-print-i-1022.html","D:\github\ron-english-toys\items\temper-tot-print-i-1022.html","False"
"toys\a-z\index.html","../../items/temper-tot-print-j-858.html","D:\github\ron-english-toys\items\temper-tot-print-j-858.html","False"
"toys\a-z\index.html","../../items/temper-tot-print-k-866.html","D:\github\ron-english-toys\items\temper-tot-print-k-866.html","False"
"toys\a-z\index.html","../../items/temper-tot-print-l-828.html","D:\github\ron-english-toys\items\temper-tot-print-l-828.html","False"
"toys\a-z\index.html","../../items/terror-demon-959.html","D:\github\ron-english-toys\items\terror-demon-959.html","False"
"toys\a-z\index.html","../../items/two-ton-sam-limited-edition-of-30-413.html","D:\github\ron-english-toys\items\two-ton-sam-limited-edition-of-30-413.html","False"
"toys\a-z\index.html","../../items/Stitch - B&amp;W-670.html","D:\github\ron-english-toys\items\Stitch - B&amp;W-670.html","False"
"toys\a-z\index.html","../../items/untitled-666.html","D:\github\ron-english-toys\items\untitled-666.html","False"
"toys\a-z\index.html","../../items/untitled-766.html","D:\github\ron-english-toys\items\untitled-766.html","False"
"toys\a-z\index.html","../../items/untitled-961.html","D:\github\ron-english-toys\items\untitled-961.html","False"
"toys\a-z\index.html","../../items/Stitch - B&amp;W-371.html","D:\github\ron-english-toys\items\Stitch - B&amp;W-371.html","False"
"toys\a-z\index.html","../../items/yil-yang-circus-sideshow-522.html","D:\github\ron-english-toys\items\yil-yang-circus-sideshow-522.html","False"
"toys\designer-toys\index.html","../../review/index.html","D:\github\ron-english-toys\review\index.html","False"
"toys\index.html","../items/1-1-bart-grin-og-52.html","D:\github\ron-english-toys\items\1-1-bart-grin-og-52.html","False"
