"Category","CategorySlug","MatchMode","Title","ItemPage","ImageFile","Source"
"Telegrinnie","telegrinnie","TitleAndFilename","Telegrinnie - Club Cubic Gold","items/telegrinnies-club-cubic-gold-106.html","Telegrinnies Club Cubic Gold - DESIGNER TOY.jpeg","toys/art-toys-and-editions/index.html"
"Telegrinnie","telegrinnie","TitleAndFilename","Telegrinnie - Club Cubic Silver","items/telegrinnies-club-cubic-silver-914.html","Telegrinnies Club Cubic Silver - DESIGNER TOY.jpeg","toys/art-toys-and-editions/index.html"
"Telegrinnie","telegrinnie","TitleAndFilename","Telegrinnie - Dipsy","items/telegrinnies-dipsy-603.html","Telegrinnies - Dipsy - DESIGNER TOY.jpeg","toys/art-toys-and-editions/index.html"
"Telegrinnie","telegrinnie","TitleAndFilename","Telegrinnie - Gold Teeth (JPS Edition)","items/telegrinnies-jps-edition-secret-a-10-number-1-to-20-clear-chest-cover-gold-teeth-257.html","Telegrinnies Pinkgold teeth - DESIGNER TOY.jpeg","toys/art-toys-and-editions/index.html"
"Telegrinnie","telegrinnie","TitleAndFilename","Telegrinnie - Laa-Laa","items/telegrinnies-laa-laa-51.html","Telegrinnies - Laa-Laa - DESIGNER TOY.jpeg","toys/art-toys-and-editions/index.html"
"Telegrinnie","telegrinnie","TitleAndFilename","Telegrinnie Pink - VIP (JPS Edition)","items/telegrinnies-pink-jps-edition-vip-367.html","Telegrinnies Pink ( JPS Edition ) VIP - DESIGNER TOY.jpeg","toys/art-toys-and-editions/index.html"
"Telegrinnie","telegrinnie","TitleAndFilename","Telegrinnie - Pink with Clear Chest Cover & Gold Teeth (JPS Edition)","items/telegrinnies-pink-clear-chest-cover-gold-teeth-jps-edition.html","Telegrinnies 21 to 60 clear chest cover - DESIGNER TOY-2.jpeg","toys/art-toys-and-editions/index.html"
"Telegrinnie","telegrinnie","TitleAndFilename","Telegrinnie - Pink with Red Chest Cover (JPS Edition)","items/telegrinnies-pink-jps-edition-normal-edt-number-61-200-red-chest-cover-817.html","Telegrinnies Pink ( JPS Edition ) normal edt - number 61-200 red chest cover - DESIGNER TOY.jpeg","toys/art-toys-and-editions/index.html"
"Telegrinnie","telegrinnie","TitleAndFilename","Telegrinnie - Po","items/telegrinnies-po-191.html","Telegrinnies - Po - DESIGNER TOY.jpeg","toys/art-toys-and-editions/index.html"
"Telegrinnie","telegrinnie","TitleAndFilename","Telegrinnie - Purple","items/telegrinnie-4ft-purple-796.html","Telegrinnie 4ft Purple - DESIGNER TOY.jpeg","toys/art-toys-and-editions/index.html"
"Telegrinnie","telegrinnie","TitleAndFilename","Telegrinnie - Red Chest Cover (JPS Edition)","items/telegrinnies-jps-edition-normal-edt-number-61-200-red-chest-cover-777.html","Telegrinnies ( JPS Edition ) normal edt - number 61-200 red chest cover - DESIGNER TOY.jpeg","toys/art-toys-and-editions/index.html"
"Telegrinnie","telegrinnie","TitleAndFilename","Telegrinnie - Silver","items/telegrinnie-4ft-silver-804.html","Telegrinnie 4ft Silver - DESIGNER TOY.jpeg","toys/art-toys-and-editions/index.html"
"Telegrinnie","telegrinnie","TitleAndFilename","Telegrinnie Sunflower - Laa-Laa","items/laa-laa-telegrinnies-sunflowers-8.html","Laa-Laa Telegrinnies Sunflowers - DESIGNER TOY.jpeg","toys/art-toys-and-editions/sunflower/index.html"
"Telegrinnie","telegrinnie","TitleAndFilename","Telegrinnie Sunflower - Miami Blue","items/miami-blue-telegrinnies-sunflowers-672.html","Miami Blue Telegrinnies Sunflowers - DESIGNER TOY.jpeg","toys/art-toys-and-editions/sunflower/index.html"
"Telegrinnie","telegrinnie","TitleAndFilename","Telegrinnie Sunflower - Miami Pink","items/miami-pink-telegrinnies-sunflowers-663.html","Miami Pink Telegrinnies Sunflowers - DESIGNER TOY.jpeg","toys/art-toys-and-editions/sunflower/index.html"
"Telegrinnie","telegrinnie","TitleAndFilename","Telegrinnie Sunflower - Red","items/po-telegrinnies-sunflowers-765.html","Po Telegrinnies Sunflowers - DESIGNER TOY.jpeg","toys/art-toys-and-editions/sunflower/index.html"
"Telegrinnie","telegrinnie","TitleAndFilename","Telegrinnie Sunflower - Tinky Winky","items/tinky-winky-telegrinnies-sunflowers-876.html","Tinky Winky Telegrinnies Sunflowers - DESIGNER TOY.jpeg","toys/art-toys-and-editions/sunflower/index.html"
"Telegrinnie","telegrinnie","TitleAndFilename","Telegrinnie Sunflowers - Dipsy","items/dipsy-telegrinnies-sunflowers-3.html","Dipsy Telegrinnies Sunflowers - DESIGNER TOY.jpeg","toys/art-toys-and-editions/sunflower/index.html"
"Telegrinnie","telegrinnie","TitleAndFilename","Telegrinnie - Tinky Winky","items/telegrinnies-tinky-winky-309.html","Telegrinnies - Tinky Winky - DESIGNER TOY.jpeg","toys/art-toys-and-editions/index.html"
"Telegrinnie","telegrinnie","TitleAndFilename","Telegrinnie - VIP NFS (JPS Edition)","items/telegrinnies-jps-edition-vip-nfs-997.html","Telegrinnies ( JPS Edition ) VIP NFS - DESIGNER TOY.jpeg","toys/art-toys-and-editions/index.html"
"Telegrinnie","telegrinnie","TitleAndFilename","Telegrinnies Pink ( JPS Edition ) Special Unpainted","items/telegrinnies-pink-jps-edition-special-unpainted-104.html","Telegrinnies Pink ( JPS Edition ) Special Unpainted - DESIGNER TOY-2.jpeg","toys/art-toys-and-editions/index.html"
"Telegrinnie","telegrinnie","TitleAndFilename","Telegrinnies - Pink with Clear Chest Cover (JPS Edition)","items/telegrinnies-pink-jps-edition-secret-b-20-number-21-to-60-clear-chest-cover-737.html","Telegrinnies ( JPS Edition )21 to 60 clear chest cover - DESIGNER TOY.jpeg","toys/art-toys-and-editions/index.html"
"Telegrinnie","telegrinnie","TitleAndFilename","Telegrinnies - Platinum and Gold","items/telegrinnies-platinum-and-gold-574.html","Telegrinnies Platinum and Gold - DESIGNER TOY.jpeg","toys/art-toys-and-editions/index.html"
"Trunk","trunk","TitleAndFilename","Trunk the GID Elephant","items/trunk-the-gid-elephant-484.html","Trunk the GID Elephant - DESIGNER TOY.jpeg","toys/art-toys-and-editions/index.html"
"Trunk","trunk","TitleAndFilename","Trunk the Golden Elephant","items/trunk-the-golden-elephant-787.html","Trunk the Golden Elephant - DESIGNER TOY.jpeg","toys/art-toys-and-editions/index.html"
"Trunk","trunk","TitleAndFilename","Trunk the Orange Elephant","items/trunk-the-orange-elephant-496.html","Trunk the Orange Elephant - DESIGNER TOY.jpeg","toys/art-toys-and-editions/index.html"
"Trunk","trunk","TitleAndFilename","Trunk the Purple Elephant","items/trunk-the-purple-elephant-404.html","Trunk the Purple Elephant - DESIGNER TOY.jpeg","toys/art-toys-and-editions/index.html"
"Uncle Scam","uncle-scam","TitleAndFilename","Uncle Scam","items/uncle-scam-720.html","Uncle Scam - DESIGNER TOY.jpeg","toys/art-toys-and-editions/index.html"
"Uncle Scam","uncle-scam","TitleAndFilename","Uncle Scam - Black & Gold (Kidrobot Exclusive)","items/uncle-scam-black-gold-kidrobot-exclusive-216.html","Uncle Scam Black & Gold Kidrobot Exclusive - DESIGNER TOY.jpeg","toys/art-toys-and-editions/index.html"
"Urban Bigfoot","urban-bigfoot","TitleAndFilename","Urban Bigfoot - Halloween Marbled","items/urban-bigfoot-halloween-marbled-200.html","Urban Bigfoot - Halloween Marbled - DESIGNER TOY.jpeg","toys/art-toys-and-editions/index.html"
"Urban Bigfoot","urban-bigfoot","TitleAndFilename","Urban Bigfoot - Jungle Gold","items/urban-bigfoot-jungle-gold-676.html","Urban Bigfoot - Jungle Gold - DESIGNER TOY-2.jpeg","toys/art-toys-and-editions/index.html"
"Urban Bigfoot","urban-bigfoot","TitleAndFilename","Urban Bigfoot - Jungle Gold Patina","items/urban-big-foot-jungle-gold-patina-23.html","URBAN BIG FOOT JUNGLE GOLD PATINA - DESIGNER TOY.jpeg","toys/art-toys-and-editions/index.html"
"Urban Bigfoot","urban-bigfoot","TitleAndFilename","Urban Bigfoot - Purple Rain","items/urban-bigfoot-purple-rain-902.html","Urban Bigfoot Purple Rain - DESIGNER TOY.jpeg","toys/art-toys-and-editions/index.html"
"Star Skull","star-skull","TitleAndFilename","Dum English Astronaut Star Skull Necklace - Black","items/dum-english-astronaut-skull-star-necklace-black-674.html","DUM ENGLISH ASTRONAUT SKULL STAR NECKLACE - BLACK - DESIGNER TOY.jpeg","toys/art-toys-and-editions/dum-english/index.html"
"Star Skull","star-skull","TitleAndFilename","Dum English Astronaut Star Skull Necklace - Gold","items/dum-english-astronaut-skull-star-necklace-gold-110.html","DUM ENGLISH ASTRONAUT SKULL STAR NECKLACE - GOLD - DESIGNER TOY.jpeg","toys/art-toys-and-editions/dum-english/index.html"
"Star Skull","star-skull","TitleAndFilename","Dum English Astronaut Star Skull Necklace - Turquoise","items/dum-english-astronaut-skull-star-necklace-turquoise-378.html","DUM ENGLISH ASTRONAUT SKULL STAR NECKLACE - TURQUOISE - DESIGNER TOY.jpeg","toys/art-toys-and-editions/dum-english/index.html"
"Star Skull","star-skull","TitleAndFilename","Frozen Culture - Star Skull","items/star-skull-frozen-culture-274.html","Star Skull Frozen Culture - DESIGNER TOY.jpeg","toys/art-toys-and-editions/frozen-culture/index.html"
"Star Skull","star-skull","TitleAndFilename","GID Green Star Skull Bulb","items/gid-green-star-skull-bulb-370.html","GID Green Star Skull Bulb - DESIGNER TOY.jpeg","toys/art-toys-and-editions/index.html"
"Star Skull","star-skull","TitleAndFilename","Star Skull - Bone","items/star-skull-bone-56.html","Star Skull - Bone - DESIGNER TOY.jpeg","toys/art-toys-and-editions/index.html"
"Star Skull","star-skull","TitleAndFilename","Star Skull - GID (Kickstarter Exclusive)","items/gid-star-skull-kickstarter-exclusive-240.html","GID Star Skull (Kickstarter Exclusive) - DESIGNER TOY.jpeg","toys/art-toys-and-editions/index.html"
"Star Skull","star-skull","TitleAndFilename","Star Skull - Metallic Silver","items/star-skull-metallic-silver-934.html","Star Skull - Metallic Silver - DESIGNER TOY.jpeg","toys/art-toys-and-editions/index.html"
"MC","mc","TitleAndFilename","Elefanka - MC (SDCC '19)","items/mc-elefanka-sdcc-19-939.html","Mc Elefanka (SDCC '19) - DESIGNER TOY-2.jpeg","toys/art-toys-and-editions/elefanka/index.html"
"MC","mc","TitleAndFilename","Evil MC","items/evil-mc-773.html","Evil MC - DESIGNER TOY.jpeg","toys/art-toys-and-editions/mc/index.html"
"MC","mc","TitleAndFilename","Evil MC - Camo Edition","items/evil-mc-camo-edition-970.html","EVIL MC - Camo Edition - DESIGNER TOY.jpeg","toys/art-toys-and-editions/mc/index.html"
"MC","mc","TitleAndFilename","Evil MC - Camo Face","items/evil-mc-camo-edition-variant-camo-face-340.html","EVIL MC - Camo Edition ( Variant - Camo Face ) - DESIGNER TOY.jpeg","toys/art-toys-and-editions/mc/index.html"
"MC","mc","TitleAndFilename","Evil MC - Diamond Dust Black","items/evil-mc-diamond-dust-edition-black-makeup-520.html","EVIL MC - Diamond Dust Edition ( Black makeup ) - DESIGNER TOY.jpeg","toys/art-toys-and-editions/mc/index.html"
"MC","mc","TitleAndFilename","Evil MC - Diamond Dust Red","items/evil-mc-diamond-dust-edition-red-makeup-175.html","EVIL MC - Diamond Dust Edition ( Red makeup ) - DESIGNER TOY-2.jpeg","toys/art-toys-and-editions/mc/index.html"
"MC","mc","TitleAndFilename","Evil MC - Franken","items/franken-evil-mc-685.html","Franken Evil MC - DESIGNER TOY.jpeg","toys/art-toys-and-editions/mc/index.html"
"MC","mc","TitleAndFilename","EVIL MC - Golden Glitter","items/golden-glitter-evil-mc-924.html","Golden Glitter EVIL MC - DESIGNER TOY.jpeg","toys/art-toys-and-editions/mc/index.html"
"MC","mc","TitleAndFilename","Evil MC - Hella Bling","items/evil-mc-hella-bling-edition-236.html","EVIL MC - Hella Bling Edition - DESIGNER TOY.jpeg","toys/art-toys-and-editions/mc/index.html"
"MC","mc","TitleAndFilename","Evil MC - Hella Evil","items/evil-mc-hella-evil-edition-324.html","Evil MC - Hella Evil edition - DESIGNER TOY.jpeg","toys/art-toys-and-editions/mc/index.html"
"MC","mc","TitleAndFilename","Evil MC - Pure Evil","items/evil-mc-pure-evil-edition-870.html","Evil MC - Pure Evil edition - DESIGNER TOY.jpeg","toys/art-toys-and-editions/mc/index.html"
"MC","mc","TitleAndFilename","Evil MC - Stealth","items/evil-mc-stealth-855.html","Evil MC - Stealth - DESIGNER TOY-2.jpeg","toys/art-toys-and-editions/mc/index.html"
"MC","mc","TitleAndFilename","Evil MC - Supervillian","items/evil-mc-supervillian-775.html","EVIL MC Supervillian - DESIGNER TOY.jpeg","toys/art-toys-and-editions/mc/index.html"
"MC","mc","TitleAndFilename","Frozen Culture - Mc Supersized","items/mc-supersized-frozen-culture-483.html","Mc Supersized Frozen Culture - DESIGNER TOY.jpeg","toys/art-toys-and-editions/frozen-culture/index.html"
"MC","mc","TitleAndFilename","Gold Rame MC Supersized","items/gold-rame-mc-supersized-619.html","Gold Rame MC Supersized - DESIGNER TOY-2.jpeg","toys/art-toys-and-editions/mc/index.html"
"MC","mc","TitleAndFilename","MC Action Figure","items/mc-action-811.html","MC Action - DESIGNER TOY-2.jpeg","toys/art-toys-and-editions/action-figure/index.html"
"MC","mc","TitleAndFilename","MC - Amber X-Ray","items/amber-xray-mc-453.html","Amber XRay MC - DESIGNER TOY.jpeg","toys/art-toys-and-editions/mc/index.html"
"MC","mc","TitleAndFilename","MC - GID X-Ray (NTWRK Exclusive)","items/gid-x-ray-mc-ntwrk-exclusive-1033.html","GID X-Ray MC (NTWRK Exclusive) - DESIGNER TOY.jpeg","toys/art-toys-and-editions/mc/index.html"
"MC","mc","TitleAndFilename","MC Lover - Clutter","items/mc-lover-clutter-419.html","MC Lover - Clutter.webp","toys/art-toys-and-editions/mc/index.html"
"MC","mc","TitleAndFilename","MC Lover - Midnight Edition","items/mc-lover-midnight-edition-589.html","MC Lover - Midnight Edition - DESIGNER TOY.jpeg","toys/art-toys-and-editions/mc/index.html"
"MC","mc","TitleAndFilename","Mc Lover - Patriot","items/mc-lover-patriot-323.html","Mc Lover - Patriot - DESIGNER TOY.jpeg","toys/art-toys-and-editions/mc/index.html"
"MC","mc","TitleAndFilename","MC Lover - Sunshine","items/mc-lover-sunshine-1016.html","MC Lover - Sunshine - DESIGNER TOY.jpeg","toys/art-toys-and-editions/mc/index.html"
"MC","mc","TitleAndFilename","MC - Marigold Xray","items/marigold-xray-mc-1040.html","Marigold XRay MC - DESIGNER TOY.jpeg","toys/art-toys-and-editions/mc/index.html"
"MC","mc","TitleAndFilename","MC - Smoke Xray","items/smoke-xray-mc-1013.html","Smoke XRay MC - DESIGNER TOY.jpeg","toys/art-toys-and-editions/mc/index.html"
"MC","mc","TitleAndFilename","MC Super Hero","items/mc-super-hero-439.html","Mc Super Hero - DESIGNER TOY.jpeg","toys/art-toys-and-editions/mc/index.html"
"MC","mc","TitleAndFilename","MC Super Sized - X-Ray 2016 New Year Set - Yellow Lame","items/x-ray-mc-super-sized-2016-new-year-set-yellow-lame-128.html","X-RAY MC SUPER SIZED 2016 NEW YEAR SET - yellow Lame - DESIGNER TOY.jpeg","toys/art-toys-and-editions/mc/index.html"
"MC","mc","TitleAndFilename","MC Super Sized - X-Ray Blue Glitter (Zero Magazine Exclusive)","items/x-ray-mc-super-sized-blue-glitter-zero-magazine-exclusive-502.html","X-RAY MC SUPER SIZED BLUE GLITTER ( Zero Magazine Exclusive ) - DESIGNER TOY.jpeg","toys/art-toys-and-editions/mc/index.html"
"MC","mc","TitleAndFilename","MC Super Sized - X-Ray Pearl & White GID","items/x-ray-mc-super-sized-ltd-ver-pearl-colors-white-gid-326.html","X-RAY MC SUPER SIZED LTD. Ver. ( Pearl Colors - White GID ) - DESIGNER TOY.jpeg","toys/art-toys-and-editions/mc/index.html"
"MC","mc","TitleAndFilename","MC Superhero (SDCC '19)","items/mc-superhero-sdcc-19-903.html","MC Superhero (SDCC '19) - DESIGNER TOY.jpeg","toys/art-toys-and-editions/mc/index.html"
"MC","mc","TitleAndFilename","MC Supersized -","items/og-bank-mc-supersized-722.html","OG Bank Mc Supersized - DESIGNER TOY.jpeg","toys/art-toys-and-editions/mc/index.html"
"MC","mc","TitleAndFilename","MC Supersized ""China""","items/mc-supersized-china-587.html","MC Supersized China - DESIGNER TOY-2.jpeg","toys/art-toys-and-editions/mc/index.html"
"MC","mc","TitleAndFilename","MC Supersized (ANDSUNS Exclusive)","items/mc-supersized-andsuns-exclusive-941.html","Mc Supersized (ANDSUNS Exclusive) - DESIGNER TOY.jpeg","toys/art-toys-and-editions/mc/index.html"
"MC","mc","TitleAndFilename","MC Supersized - 3rd Edition X-Ray","items/3rd-edition-x-ray-mc-supersized-662.html","3rd Edition X-Ray MC Supersized - DESIGNER TOY.jpeg","toys/art-toys-and-editions/mc/index.html"
"MC","mc","TitleAndFilename","MC Supersized - 4th of July","items/4th-of-july-mc-supersized-852.html","4th of July Mc Supersized - DESIGNER TOY.jpeg","toys/art-toys-and-editions/mc/index.html"
"MC","mc","TitleAndFilename","MC Supersized Action Figure","items/mc-supersized-647.html","MC Supersized - DESIGNER TOY.jpeg","toys/art-toys-and-editions/action-figure/index.html"
"MC","mc","TitleAndFilename","MC Supersized - Black","items/mc-supersized-black-716.html","MC Supersized - Black.webp","toys/art-toys-and-editions/mc/index.html"
"MC","mc","TitleAndFilename","Mc Supersized - Black","items/mc-supersized-black-912.html","MC Supersized - Black - DESIGNER TOY.jpeg","toys/art-toys-and-editions/mc/index.html"
"MC","mc","TitleAndFilename","MC Supersized - Black Glitter","items/black-glitter-mc-supersized-423.html","Black Glitter MC Supersized - DESIGNER TOY.jpeg","toys/art-toys-and-editions/mc/index.html"
"MC","mc","TitleAndFilename","MC Supersized - Black Light Magic Green","items/black-light-magic-green-mc-supersized-83.html","Black Light Magic Green Mc Supersized - DESIGNER TOY.jpeg","toys/art-toys-and-editions/mc/index.html"
"MC","mc","TitleAndFilename","MC Supersized - Black Light Magic Purple","items/black-light-magic-purple-mc-supersized-651.html","Black Light Magic Purple MC Supersized - DESIGNER TOY.jpeg","toys/art-toys-and-editions/mc/index.html"
"MC","mc","TitleAndFilename","MC Supersized - Black Light Magic Yellow","items/black-light-magic-yellow-mc-supersized-617.html","Black Light Magic Yellow MC Supersized - DESIGNER TOY.jpeg","toys/art-toys-and-editions/mc/index.html"
"MC","mc","TitleAndFilename","MC Supersized - Blue","items/mc-supersized-blue-58.html","MC Supersized - Blue - DESIGNER TOY.jpeg","toys/art-toys-and-editions/mc/index.html"
"MC","mc","TitleAndFilename","MC Supersized - Blue GID","items/blue-gid-mc-supersized-secret-ver-913.html","Blue GID MC Supersized (Secret Ver.) - DESIGNER TOY.jpeg","toys/art-toys-and-editions/mc/index.html"
"MC","mc","TitleAndFilename","Mc Supersized - Blue GID","items/mc-supersized-blue-gid-515.html","Mc Supersized - Blue GID - DESIGNER TOY.jpeg","toys/art-toys-and-editions/mc/index.html"
"MC","mc","TitleAndFilename","MC Supersized - Blue Glitter (Comic Con Exclusive)","items/mc-supersized-blue-glitter-comic-con-exclusive-374.html","MC Supersized Blue Glitter (Comic Con Exclusive) - DESIGNER TOY.jpeg","toys/art-toys-and-editions/mc/index.html"
"MC","mc","TitleAndFilename","Mc Supersized - Bronze Glitter","items/mc-supersized-bronze-glitter-533.html","Mc Supersized - Bronze Glitter - DESIGNER TOY.jpeg","toys/art-toys-and-editions/mc/index.html"
"MC","mc","TitleAndFilename","MC Supersized - Bronze Patina","items/mc-supersized-bronze-patina-706.html","MC Supersized Bronze Patina - DESIGNER TOY.jpeg","toys/art-toys-and-editions/mc/index.html"
"MC","mc","TitleAndFilename","MC Supersized Camo - Bangkok","items/mc-supersized-camo-bangkok-456.html","MC Supersized Camo - Bangkok - DESIGNER TOY.jpeg","toys/art-toys-and-editions/mc/index.html"
"MC","mc","TitleAndFilename","MC Supersized Camo - Jakarta","items/mc-supersized-camo-jakarta-424.html","MC Supersized Camo - Jakarta - DESIGNER TOY.jpeg","toys/art-toys-and-editions/mc/index.html"
"MC","mc","TitleAndFilename","MC Supersized Camo - Manila","items/mc-supersized-camo-manila-301.html","MC Supersized Camo - Manila - DESIGNER TOY-2.jpeg","toys/art-toys-and-editions/mc/index.html"
"MC","mc","TitleAndFilename","MC Supersized Camo - Seoul","items/mc-supersized-camo-seoul-408.html","MC Supersized Camo - Seoul - DESIGNER TOY-3.jpeg","toys/art-toys-and-editions/mc/index.html"
"MC","mc","TitleAndFilename","MC Supersized Camo - Shanghai","items/mc-supersized-camo-shanghai-251.html","MC Supersized Camo - Shanghai - DESIGNER TOY.jpeg","toys/art-toys-and-editions/mc/index.html"
"MC","mc","TitleAndFilename","MC Supersized - Chase","items/mc-supersized-chase-1014.html","MC Supersized Chase - DESIGNER TOY.jpeg","toys/art-toys-and-editions/mc/index.html"
"MC","mc","TitleAndFilename","MC Supersized - China (Green)","items/mc-supersized-china-green-990.html","MC Supersized China (Green) - DESIGNER TOY-3.jpeg","toys/art-toys-and-editions/mc/index.html"
"MC","mc","TitleAndFilename","MC Supersized - China Flag","items/mc-supersized-china-flag-690.html","MC Supersized China Flag - DESIGNER TOY.jpeg","toys/art-toys-and-editions/mc/index.html"
"MC","mc","TitleAndFilename","MC Supersized - Clear & GID Hamberger X-Ray","items/clear-gid-humberger-x-ray-mc-supersized-524.html","Clear & GID Humberger X-Ray MC Supersized - DESIGNER TOY-2.jpeg","toys/art-toys-and-editions/mc/index.html"
"MC","mc","TitleAndFilename","MC SUPERSIZED - clear molding / unpainted - TTF 2009","items/mc-supersized-clear-molding-unpainted-ttf-2009-633.html","MC SUPERSIZED [clear molding unpainted] TTF 2009 - DESIGNER TOY.jpeg","toys/art-toys-and-editions/mc/index.html"
"MC","mc","TitleAndFilename","MC Supersized - Clear X-Ray (Toy Tokyo Exclusive)","items/clear-x-ray-mc-supersized-toy-tokyo-exclusive-1020.html","Clear X-Ray Mc Supersized (Toy Tokyo Exclusive) - DESIGNER TOY.jpeg","toys/art-toys-and-editions/mc/index.html"
"MC","mc","TitleAndFilename","MC Supersized - Clear X-Ray GID (Lucky-X Bag 2010)","items/clear-x-ray-gid-mcsupersized-lucky-x-bag-2010-982.html","Clear X-Ray GID McSupersized (Lucky-X Bag 2010) - DESIGNER TOY.jpeg","toys/art-toys-and-editions/mc/index.html"
"MC","mc","TitleAndFilename","Mc Supersized - Full Color (Devil's Version) - SDCC 2010","items/mc-supersized-full-color-devil-s-version-sdcc-2010-291.html","Mc Supersized Full Color (Devil's Version) - SDCC 2010.webp","toys/art-toys-and-editions/mc/index.html"
"MC","mc","TitleAndFilename","Mc Supersized - Full Gold","items/mc-supersized-full-gold-1057.html","Mc Supersized FULL Gold - DESIGNER TOY.jpeg","toys/art-toys-and-editions/mc/index.html"
"MC","mc","TitleAndFilename","Mc Supersized Full - Mono","items/mc-supersized-full-mono-1039.html","Mc Supersized Full - Mono.webp","toys/art-toys-and-editions/mc/index.html"
"MC","mc","TitleAndFilename","Mc Supersized Full - Navy","items/mc-supersized-full-navy-570.html","Mc Supersized Full - Navy - DESIGNER TOY.jpeg","toys/art-toys-and-editions/mc/index.html"
"MC","mc","TitleAndFilename","Mc Supersized Full - Pink","items/mc-supersized-full-pink-1002.html","Mc Supersized Full - Pink - DESIGNER TOY.jpeg","toys/art-toys-and-editions/mc/index.html"
"MC","mc","TitleAndFilename","Mc Supersized Full - Vintage","items/mc-supersized-full-vintage-135.html","Mc Supersized Full - Vintage - DESIGNER TOY.jpeg","toys/art-toys-and-editions/mc/index.html"
"MC","mc","TitleAndFilename","MC Supersized - GID Full Color","items/gid-full-color-mc-supersized-668.html","GID Full Color MC Supersized - DESIGNER TOY.jpeg","toys/art-toys-and-editions/mc/index.html"
"MC","mc","TitleAndFilename","MC Supersized - Gold","items/mc-supersized-gold-1030.html","MC Supersized Gold - DESIGNER TOY.jpeg","toys/art-toys-and-editions/mc/index.html"
"MC","mc","TitleAndFilename","Mc Supersized - Gold & Porcelain","items/mc-supersized-gold-porcelain-553.html","Mc Supersized Gold - Porcelain.webp","toys/art-toys-and-editions/mc/index.html"
"MC","mc","TitleAndFilename","MC Supersized - Gold Edition (TTE 2015)","items/gold-edition-mc-supersized-tte-2015-41.html","Gold Edition Mc Supersized (TTE 2015) - DESIGNER TOY.jpeg","toys/art-toys-and-editions/mc/index.html"
"MC","mc","TitleAndFilename","MC Supersized -Gold Glitter (SDCC : 2017)","items/gold-glitter-mc-supersized-sdcc-2017-54.html","Gold Glitter MC Supersized (SDCC 2017) - DESIGNER TOY.jpeg","toys/art-toys-and-editions/mc/index.html"
"MC","mc","TitleAndFilename","Mc Supersized - Gold Mc Action","items/gold-mc-action-mc-supersized-640.html","Gold Mc Action Mc Supersized - DESIGNER TOY-2.jpeg","toys/art-toys-and-editions/mc/index.html"
"MC","mc","TitleAndFilename","MC Supersized - Green","items/mc-supersized-green-1049.html","MC Supersized - Green 3.webp","toys/art-toys-and-editions/mc/index.html"
"MC","mc","TitleAndFilename","MC Supersized - Green","items/mc-supersized-green-255.html","MC Supersized - Green.webp","toys/art-toys-and-editions/mc/index.html"
"MC","mc","TitleAndFilename","Mc Supersized - Green & Purple","items/mc-supersized-green-purple-919.html","Mc Supersized - GreenPurple - DESIGNER TOY.jpeg","toys/art-toys-and-editions/mc/index.html"
"MC","mc","TitleAndFilename","MC Supersized - Grey Flocked","items/mc-supersized-grey-flocked-638.html","MC Supersized - Grey Flocked - DESIGNER TOY.jpeg","toys/art-toys-and-editions/mc/index.html"
"MC","mc","TitleAndFilename","MC Supersized - Grey GID","items/mc-supersized-grey-gid-365.html","MC Supersized - Grey GID - DESIGNER TOY.jpeg","toys/art-toys-and-editions/mc/index.html"
"MC","mc","TitleAndFilename","MC Supersized Grin - GID","items/mc-supersized-grin-gid-grin-788.html","MC Supersized Grin - GID Grin - DESIGNER TOY.jpeg","toys/art-toys-and-editions/mc/index.html"
"MC","mc","TitleAndFilename","MC Supersized Grin - Gold","items/mc-supersized-grin-gold-grin-571.html","MC Supersized Grin - Gold Grin - DESIGNER TOY.jpeg","toys/art-toys-and-editions/mc/index.html"
"MC","mc","TitleAndFilename","MC Supersized Grin - Green Glitter","items/green-glitter-mc-supersized-grin-904.html","Green Glitter Mc Supersized Grin - DESIGNER TOY.jpeg","toys/art-toys-and-editions/mc/index.html"
"MC","mc","TitleAndFilename","MC Supersized Grin - Neon","items/neon-mc-supersized-grin-403.html","Neon Mc Supersized Grin - DESIGNER TOY-2.jpeg","toys/art-toys-and-editions/mc/index.html"
"MC","mc","TitleAndFilename","MC Supersized Grin - Original","items/mc-supersized-grin-original-grin-1006.html","MC Supersized Grin - Original Grin.webp","toys/art-toys-and-editions/mc/index.html"
"MC","mc","TitleAndFilename","MC Supersized Grin - Platinum","items/mc-supersized-grin-platinum-grin-731.html","MC Supersized Grin - Platinum Grin - DESIGNER TOY.jpeg","toys/art-toys-and-editions/mc/index.html"
"MC","mc","TitleAndFilename","MC Supersized Grin - Red Glitter","items/red-glitter-mc-supersized-grin-540.html","Red Glitter Mc Supersized Grin - DESIGNER TOY.jpeg","toys/art-toys-and-editions/mc/index.html"
"MC","mc","TitleAndFilename","MC Supersized - Groovy","items/groovy-mc-supersized-40.html","Groovy Mc Supersized - DESIGNER TOY.jpeg","toys/art-toys-and-editions/mc/index.html"
"MC","mc","TitleAndFilename","Mc Supersized - Hiddy Joker","items/mc-supersized-hiddy-joker-126.html","Mc Supersized Hiddy Joker - DESIGNER TOY.jpeg","toys/art-toys-and-editions/mc/index.html"
"MC","mc","TitleAndFilename","MC Supersized - Joker X-Ray (NYCC '18)","items/joker-x-ray-mc-supersized-nycc-18-743.html","Joker X-Ray MC Supersized (NYCC '18) - DESIGNER TOY.jpeg","toys/art-toys-and-editions/mc/index.html"
"MC","mc","TitleAndFilename","Mc Supersized LA - Black & Gold","items/mc-supersized-la-black-gold-518.html","Mc Supersized LA - Black & Gold - DESIGNER TOY-2.jpeg","toys/art-toys-and-editions/mc/index.html"
"MC","mc","TitleAndFilename","MC Supersized - LA X-Ray (DCon '18)","items/la-x-ray-mc-supersized-dcon-18-294.html","LA X-Ray MC Supersized (DCon '18) - DESIGNER TOY.jpeg","toys/art-toys-and-editions/mc/index.html"
"MC","mc","TitleAndFilename","MC Supersized - Monochrome","items/mc-supersized-mono-692.html","MC Supersized - Mono - DESIGNER TOY.jpeg","toys/art-toys-and-editions/mc/index.html"
"MC","mc","TitleAndFilename","MC Supersized - Navy (Whiz Exclusive)","items/navy-mc-supersized-whiz-exclusive-944.html","Navy MC Supersized (Whiz Exclusive) - DESIGNER TOY-3.jpeg","toys/art-toys-and-editions/mc/index.html"
"MC","mc","TitleAndFilename","MC Supersized NY - X-Ray Black & Gold","items/x-ray-mc-supersized-ny-black-gold-763.html","X-Ray Mc Supersized NY - Black & Gold - DESIGNER TOY.jpeg","toys/art-toys-and-editions/mc/index.html"
"MC","mc","TitleAndFilename","MC Supersized - Orange (TTF '17)","items/orange-mc-supersized-ttf-17-575.html","Orange Mc Supersized (TTF '17) - DESIGNER TOY.jpeg","toys/art-toys-and-editions/mc/index.html"
"MC","mc","TitleAndFilename","Mc Supersized - Orange GID","items/mc-supersized-orange-gid-561.html","Mc Supersized - Orange GID - DESIGNER TOY.jpeg","toys/art-toys-and-editions/mc/index.html"
"MC","mc","TitleAndFilename","MC Supersized - Orange Glitter (SDCC : 2017)","items/orange-glitter-mc-supersized-sdcc-2017-343.html","Orange Glitter MC Supersized (SDCC 2017) - DESIGNER TOY.jpeg","toys/art-toys-and-editions/mc/index.html"
"MC","mc","TitleAndFilename","MC Supersized - Original","items/mc-supersized-original-590.html","MC Supersized - Original - DESIGNER TOY.jpeg","toys/art-toys-and-editions/mc/index.html"
"MC","mc","TitleAndFilename","MC Supersized - Philippines","items/mc-supersized-philippines-158.html","MC Supersized Philippines - DESIGNER TOY.jpeg","toys/art-toys-and-editions/mc/index.html"
"MC","mc","TitleAndFilename","MC Supersized - Pink Glitter (SDCC : 2017)","items/pink-glitter-mc-supersized-sdcc-2017-719.html","Pink Glitter MC Supersized (SDCC 2017) - DESIGNER TOY-2.jpeg","toys/art-toys-and-editions/mc/index.html"
"MC","mc","TitleAndFilename","MC Supersized - Platinum","items/mc-supersized-platinum-599.html","MC Supersized PLATINUM - DESIGNER TOY.jpeg","toys/art-toys-and-editions/mc/index.html"
"MC","mc","TitleAndFilename","Mc Supersized - Porcelain","items/mc-supersized-porcelain-1038.html","Mc Supersized - Porcelain.webp","toys/art-toys-and-editions/mc/index.html"
"MC","mc","TitleAndFilename","Mc Supersized - Porcelain Black & White","items/mc-supersized-porcelain-black-white-433.html","Mc Supersized - Porcelain BlackWhite - DESIGNER TOY.jpeg","toys/art-toys-and-editions/mc/index.html"
"MC","mc","TitleAndFilename","MC Supersized - Purple & Green","items/purple-green-mc-supersized-393.html","Purple & Green MC Supersized - DESIGNER TOY.jpeg","toys/art-toys-and-editions/mc/index.html"
"MC","mc","TitleAndFilename","MC Supersized - Purple Flocked","items/purple-flocked-mc-supersized-790.html","Purple Flocked MC Supersized - DESIGNER TOY.jpeg","toys/art-toys-and-editions/mc/index.html"
"MC","mc","TitleAndFilename","MC Supersized - RCNSTRCT Studio (Black Sparkle)","items/mc-supersized-rcnstrct-studio-black-sparkle-969.html","MC Supersized RCNSTRCT Studio (Black Sparkle) - DESIGNER TOY.jpeg","toys/art-toys-and-editions/mc/index.html"
"MC","mc","TitleAndFilename","MC Supersized - Red Glitter (Hong Kong Toysoul Exclusive)","items/mc-supersized-red-glitter-hong-kong-toysoul-exclusive-946.html","MC Supersized Red Glitter (Hong Kong Toysoul Exclusive) - DESIGNER TOY.jpeg","toys/art-toys-and-editions/mc/index.html"
"MC","mc","TitleAndFilename","MC Supersized - Red Glitter (SDCC : 2017)","items/red-glitter-mc-supersized-sdcc-2017-28.html","Red Glitter MC Supersized (SDCC 2017) - DESIGNER TOY.jpeg","toys/art-toys-and-editions/mc/index.html"
"MC","mc","TitleAndFilename","MC Supersized - Royalex 帝銀 Exclusive","items/mc-supersized-royalex-exclusive-249.html","MC Supersized Royalex å¸éŠ€ Exclusive - DESIGNER TOY.jpeg","toys/art-toys-and-editions/mc/index.html"
"MC","mc","TitleAndFilename","Mc Supersized - Silver Glitter","items/mc-supersized-silver-glitter-563.html","Mc Supersized - Silver Glitter - DESIGNER TOY.jpeg","toys/art-toys-and-editions/mc/index.html"
"MC","mc","TitleAndFilename","MC Supersized Silver Glitter (LGND8 Exclusive)","items/mc-supersized-silver-glitter-lgnd8-exclusive-891.html","MC Supersized Silver Glitter (LGND8 Exclusive) - DESIGNER TOY-2.jpeg","toys/art-toys-and-editions/mc/index.html"
"MC","mc","TitleAndFilename","Mc Supersized - Skull GID","items/mc-supersized-skull-gid-886.html","Mc Supersized Skull GID - DESIGNER TOY.jpeg","toys/art-toys-and-editions/mc/index.html"
"MC","mc","TitleAndFilename","MC Supersized Skull - Groovy","items/4-groovy-mc-supersized-skull-164.html","4 Groovy Mc Supersized (Skull) - DESIGNER TOY-2.jpeg","toys/art-toys-and-editions/mc/index.html"
"MC","mc","TitleAndFilename","Mc Supersized Skull - White","items/mc-supersized-skull-white-986.html","Mc Supersized Skull White - DESIGNER TOY-2.jpeg","toys/art-toys-and-editions/mc/index.html"
"MC","mc","TitleAndFilename","Mc Supersized Skull - Yellow","items/mc-supersized-skull-yellow-610.html","Mc Supersized Skull Yellow - DESIGNER TOY.jpeg","toys/art-toys-and-editions/mc/index.html"
"MC","mc","TitleAndFilename","MC Supersized - White Flocked","items/mc-supersized-white-flocked-1028.html","MC Supersized - White Flocked - DESIGNER TOY.jpeg","toys/art-toys-and-editions/mc/index.html"
"MC","mc","TitleAndFilename","MC Supersized - Wood (DCon '19)","items/wooden-mc-supersized-dcon-19-425.html","Wooden Mc Supersized (DCon '19) - DESIGNER TOY.jpeg","toys/art-toys-and-editions/mc/index.html"
"MC","mc","TitleAndFilename","MC Supersized - Xmas (2007) - Green","items/mc-supersized-xmas-2007-green-598.html","MC Supersized Xmas (2007) - Green - DESIGNER TOY.jpeg","toys/art-toys-and-editions/mc/index.html"
"MC","mc","TitleAndFilename","Mc Supersized - Xray","items/mc-supersized-xray-6th-679.html","Mc Supersized XRay - 6th.webp","toys/art-toys-and-editions/mc/index.html"
"MC","mc","TitleAndFilename","MC Supersized -X-Ray 1st Edition","items/x-ray-mc-supersized-1st-edition-259.html","X-Ray MC Supersized - 1st Edition - DESIGNER TOY.jpeg","toys/art-toys-and-editions/mc/index.html"
"MC","mc","TitleAndFilename","MC Supersized - X-RAY 2016 New Year Set - Red Lame","items/x-ray-mc-super-sized-2016-new-year-set-red-lame-199.html","X-RAY MC SUPER SIZED 2016 NEW YEAR SET - red Lame - DESIGNER TOY.jpeg","toys/art-toys-and-editions/mc/index.html"
"MC","mc","TitleAndFilename","MC Supersized -X-Ray 5th Edition Vol.1","items/x-ray-mc-supersized-5th-edition-vol-1-1077.html","X-Ray Mc Supersized - 5th Edition Vol.1 - DESIGNER TOY.jpeg","toys/art-toys-and-editions/mc/index.html"
"MC","mc","TitleAndFilename","MC Supersized -X-Ray 5th Edition Vol.2","items/x-ray-mc-supersized-5th-edition-vol-2-155.html","X-Ray Mc Supersized - 5th Edition Vol.2 - DESIGNER TOY.jpeg","toys/art-toys-and-editions/mc/index.html"
"MC","mc","TitleAndFilename","MC Supersized XRay - Black","items/mc-supersized-xray-black-948.html","MC Supersized XRay - Black - DESIGNER TOY.jpeg","toys/art-toys-and-editions/mc/index.html"
"MC","mc","TitleAndFilename","MC Supersized - X-Ray Blue Burgers","items/blue-burgers-mc-supersized-xray-885.html","Blue Burgers MC Supersized XRay - DESIGNER TOY.jpeg","toys/art-toys-and-editions/mc/index.html"
"MC","mc","TitleAndFilename","MC Supersized XRay - Burgers","items/mc-supersized-xray-burgers-157.html","MC Supersized XRay - Burgers.webp","toys/art-toys-and-editions/mc/index.html"
"MC","mc","TitleAndFilename","MC Supersized XRay - Burgers (Devil)","items/mc-supersized-xray-burgers-devil-1042.html","MC Supersized XRay - Burgers (Devil) - DESIGNER TOY.jpeg","toys/art-toys-and-editions/mc/index.html"
"MC","mc","TitleAndFilename","MC Supersized - X-Ray CA","items/x-ray-mc-supersized-ca-616.html","X-Ray Mc Supersized CA - DESIGNER TOY.jpeg","toys/art-toys-and-editions/mc/index.html"
"MC","mc","TitleAndFilename","MC Supersized XRay - Clear Orange","items/mc-supersized-xray-clear-orange-389.html","MC Supersized XRay - Clear Orange - DESIGNER TOY.jpeg","toys/art-toys-and-editions/mc/index.html"
"MC","mc","TitleAndFilename","Mc Supersized - X-Ray Darkside (Lucky-X Bag 2011)","items/x-ray-mc-supersized-darkside-lucky-x-bag-2011-869.html","X-Ray Mc Supersized - Darkside (Lucky-X Bag 2011) - DESIGNER TOY-2.jpeg","toys/art-toys-and-editions/mc/index.html"
"MC","mc","TitleAndFilename","MC Supersized - X-Ray Full Color","items/full-color-mc-supersized-x-ray-749.html","Full Color MC Supersized X-Ray - DESIGNER TOY.jpeg","toys/art-toys-and-editions/mc/index.html"
"MC","mc","TitleAndFilename","MC Supersized - X-Ray Full Color Red Lame","items/x-ray-full-color-red-lame-mcsupersized-815.html","X-Ray Full Color Red Lame McSupersized - DESIGNER TOY.jpeg","toys/art-toys-and-editions/mc/index.html"
"MC","mc","TitleAndFilename","MC Supersized - X-Ray Gold & Red","items/x-ray-mc-supersized-gold-red-600.html","X-Ray MC Supersized - GoldRed - DESIGNER TOY.jpeg","toys/art-toys-and-editions/mc/index.html"
"MC","mc","TitleAndFilename","MC Supersized - X-Ray Gold Rame Full Color","items/gold-rame-full-color-mc-supersized-x-ray-287.html","Gold Rame Full Color MC Supersized X-Ray - DESIGNER TOY.jpeg","toys/art-toys-and-editions/mc/index.html"
"MC","mc","TitleAndFilename","MC Supersized XRay - Halloween Orange","items/mc-supersized-xray-halloween-orange-112.html","MC Supersized XRay - Halloween Orange - DESIGNER TOY.jpeg","toys/art-toys-and-editions/mc/index.html"
"MC","mc","TitleAndFilename","MC Supersized - X-Ray Halloween White","items/halloween-white-mc-supersized-x-ray-624.html","Halloween White MC Supersized X-Ray - DESIGNER TOY.jpeg","toys/art-toys-and-editions/mc/index.html"
"MC","mc","TitleAndFilename","MC Supersized X-Ray - Hamberger White","items/mc-supersized-x-ray-humberger-white-596.html","MC Supersized X-Ray - Humberger White - DESIGNER TOY.jpeg","toys/art-toys-and-editions/mc/index.html"
"MC","mc","TitleAndFilename","MC Supersized - X-Ray Limited MINDstyle Color (Thailand Toy Expo: 2015 Exclusive)","items/x-ray-mc-supersized-limited-mindstyle-color-thailand-toy-expo-2015-exclusive-848.html","X-RAY MC SUPERSIZED - LIMITED MINDstyle COLOR ( Thailand Toy Expo 2015 Exclusive ) - DESIGNER TOY.jpeg","toys/art-toys-and-editions/mc/index.html"
"MC","mc","TitleAndFilename","MC Supersized - X-Ray Metallic","items/x-ray-mc-supersized-metallic-789.html","X-Ray Mc Supersized - Metallic.webp","toys/art-toys-and-editions/mc/index.html"
"MC","mc","TitleAndFilename","MC Supersized - X-Ray Vintage","items/x-ray-mc-supersized-vintage-471.html","X-Ray Mc Supersized - Vintage.webp","toys/art-toys-and-editions/mc/index.html"
"MC","mc","TitleAndFilename","MC Supersized - Yellow","items/mc-supersized-yellow-623.html","MC Supersized - Yellow - DESIGNER TOY.jpeg","toys/art-toys-and-editions/mc/index.html"
"MC","mc","TitleAndFilename","MC Supersized - Yellow","items/mc-supersized-yellow-97.html","MC Supersized - Yellow - DESIGNER TOY.jpeg","toys/art-toys-and-editions/mc/index.html"
"MC","mc","TitleAndFilename","MC X-Ray Mega GID","items/x-ray-mc-mega-gid-1045.html","X-Ray MC Mega GID - DESIGNER TOY.jpeg","toys/art-toys-and-editions/mc/index.html"
"MC","mc","TitleAndFilename","MC X-Ray - Tiger Blood","items/tiger-blood-mc-x-ray-77.html","Tiger Blood Mc X-Ray - DESIGNER TOY.jpeg","toys/art-toys-and-editions/mc/index.html"
"MC","mc","TitleAndFilename","MC X-Ray - Turquoise","items/turquoise-xray-mc-528.html","Turquoise XRay MC - DESIGNER TOY.jpeg","toys/art-toys-and-editions/mc/index.html"
"MC","mc","TitleAndFilename","McGrin Orion","items/mcgrin-orion-2.html","McGrin Orion - DESIGNER TOY.jpeg","toys/art-toys-and-editions/mc/index.html"
"MC","mc","TitleAndFilename","McJoker","items/mcjoker-758.html","McJoker - DESIGNER TOY.jpeg","toys/art-toys-and-editions/mc/index.html"
"MC","mc","TitleAndFilename","McSuper Sized Black Light Magic Yellow","items/mcsuper-sized-black-light-magic-yellow-416.html","McSuper Sized Black Light Magic Yellow - DESIGNER TOY-3.jpeg","toys/art-toys-and-editions/mc/index.html"
"MC","mc","TitleAndFilename","McSupersized - Bronze","items/mcsupersized-bronze-862.html","McSupersized - Bronze - DESIGNER TOY.jpeg","toys/art-toys-and-editions/mc/index.html"
"MC","mc","TitleAndFilename","McSupersized - Chrome","items/mcsupersized-chrome-935.html","McSupersized Chrome - DESIGNER TOY.jpeg","toys/art-toys-and-editions/mc/index.html"
"MC","mc","TitleAndFilename","McSupersized - Clear Gold Glitter","items/mcsupersized-clear-gold-glitter-299.html","McSupersized - Clear Gold Glitter - DESIGNER TOY.jpeg","toys/art-toys-and-editions/mc/index.html"
"MC","mc","TitleAndFilename","McSupersized - Copper","items/mcsupersized-copper-448.html","McSupersized - Copper - DESIGNER TOY.jpeg","toys/art-toys-and-editions/mc/index.html"
"MC","mc","TitleAndFilename","McSupersized - Green GID","items/mcsupersized-green-gid-545.html","McSupersized - Green GID - DESIGNER TOY.jpeg","toys/art-toys-and-editions/mc/index.html"
"MC","mc","TitleAndFilename","McSupersized - Green GID","items/mcsupersized-green-gid-607.html","McSupersized - Green GID - DESIGNER TOY.jpeg","toys/art-toys-and-editions/mc/index.html"
"MC","mc","TitleAndFilename","McSupersized - Grey","items/mcsupersized-grey-18.html","McSupersized - Grey - DESIGNER TOY.jpeg","toys/art-toys-and-editions/mc/index.html"
"MC","mc","TitleAndFilename","McSupersized - J Balvin X Ron English (ComplexCon '17)","items/j-balvin-ron-english-mcsupersized-complexcon-17-4.html","J Balvin Ron English McSupersized (ComplexCon '17) - DESIGNER TOY.jpeg","toys/art-toys-and-editions/mc/index.html"
"MC","mc","TitleAndFilename","MCSUPERSIZED - New Year's Double Pack - Gold Glitter (Toy Tokyo Exclusive)","items/mcsupersized-new-year-s-double-pack-gold-glitter-toy-tokyo-exclusive-427.html","MCSUPERSIZED New Year's Double Pack - Gold Glitter ( Toy Tokyo Exclusive ) - DESIGNER TOY.jpeg","toys/art-toys-and-editions/mc/index.html"
"MC","mc","TitleAndFilename","MCSUPERSIZED - New Year's Double Pack - Silver Glitter (Toy Tokyo Exclusive)","items/mcsupersized-new-year-s-double-pack-silver-glitter-toy-tokyo-exclusive-978.html","MCSUPERSIZED New Year's Double Pack - Silver Glitter ( Toy Tokyo Exclusive ) - DESIGNER TOY.jpeg","toys/art-toys-and-editions/mc/index.html"
"MC","mc","TitleAndFilename","McSupersized OG","items/mcsupersized-og-61.html","McSupersized OG - DESIGNER TOY.jpeg","toys/art-toys-and-editions/mc/index.html"
"MC","mc","TitleAndFilename","McSupersized - Pink GID","items/mcsupersized-pink-gid-701.html","McSupersized - Pink GID - DESIGNER TOY.jpeg","toys/art-toys-and-editions/mc/index.html"
"MC","mc","TitleAndFilename","McSupersized - Red GID","items/mcsupersized-red-gid-146.html","McSupersized Red GID - DESIGNER TOY.jpeg","toys/art-toys-and-editions/mc/index.html"
"MC","mc","TitleAndFilename","McSupersized - SSF","items/mcsupersized-ssf-861.html","McSupersized SSF - DESIGNER TOY.jpeg","toys/art-toys-and-editions/mc/index.html"
"MC","mc","TitleAndFilename","McSupersized - White GID","items/mcsupersized-white-gid-354.html","McSupersized White GID - DESIGNER TOY.jpeg","toys/art-toys-and-editions/mc/index.html"
"MC","mc","TitleAndFilename","McSupersized - X-Ray Hamburger","items/mcsupersized-x-ray-hamburger-346.html","McSupersized X-Ray Hamburger - DESIGNER TOY.jpeg","toys/art-toys-and-editions/mc/index.html"
"MC","mc","TitleAndFilename","McSupersized - X-Ray Joker","items/mcsupersized-x-ray-joker-159.html","McSupersized - X-Ray Joker - DESIGNER TOY.jpeg","toys/art-toys-and-editions/mc/index.html"
"MC","mc","TitleAndFilename","McSupersized - X-Ray - SSF","items/mcsupersized-x-ray-ssf-907.html","McSupersized - X-Ray - SSF - DESIGNER TOY.jpeg","toys/art-toys-and-editions/mc/index.html"
"MC","mc","TitleAndFilename","McSupersized - X-Ray - SSF (Secret - Blood Splattered)","items/mcsupersized-x-ray-ssf-secret-blood-splattered-218.html","McSupersized - X-Ray - SSF ( Secret - Blood Splattered ) - DESIGNER TOY.jpeg","toys/art-toys-and-editions/mc/index.html"
"MC","mc","TitleAndFilename","McSupersized - X-Ray/OG","items/mcsupersized-x-ray-og-542.html","McSupersized X-RayOG - DESIGNER TOY.jpeg","toys/art-toys-and-editions/mc/index.html"
"MC","mc","TitleAndFilename","McSupersized - Yellow GID","items/mcsupersized-yellow-gid-812.html","McSupersized - Yellow GID - DESIGNER TOY.jpeg","toys/art-toys-and-editions/mc/index.html"
"MC","mc","TitleAndFilename","Mighty MC","items/mighty-mc-776.html","Mighty MC - DESIGNER TOY.jpeg","toys/art-toys-and-editions/mc/index.html"
"MC","mc","TitleAndFilename","Mousezilla - MC","items/mc-mousezilla-132.html","MC Mousezilla - DESIGNER TOY.jpeg","toys/art-toys-and-editions/mc/index.html"
"MC","mc","TitleAndFilename","OG Evil MC","items/og-evil-mc-535.html","OG Evil MC - DESIGNER TOY-2.jpeg","toys/art-toys-and-editions/mc/index.html"
"MC","mc","TitleAndFilename","Shocking Sunflower - Charlie Grin MC","items/m-c-charlie-grin-768.html","MC Charlie Grin - DESIGNER TOY.jpeg","toys/art-toys-and-editions/charlie-grin/index.html"
"MC","mc","TitleAndFilename","Super Size Me - Blue GID","items/super-size-me-blue-g-i-d-808.html","SUPER SIZE ME BLUE G.I.D - DESIGNER TOY.jpeg","toys/art-toys-and-editions/index.html"
"MC","mc","TitleAndFilename","Super Size Me - Full Colour","items/super-size-me-full-colour-100.html","Super Size Me Full Colour - DESIGNER TOY.jpeg","toys/art-toys-and-editions/index.html"
"MC","mc","TitleAndFilename","Super Size Me - S.S.F CA","items/super-sized-me-s-s-f-ca-1052.html","SUPER SIZED ME S.S.F CA - DESIGNER TOY.jpeg","toys/art-toys-and-editions/index.html"
"MC","mc","TitleAndFilename","Super Size Me - S.S.F GID","items/super-sized-me-s-s-f-g-i-d-62.html","SUPER SIZED ME S.S.F G.I.D - DESIGNER TOY.jpeg","toys/art-toys-and-editions/index.html"
"MC","mc","TitleAndFilename","Super Size Me - SSF JOKER","items/super-sized-me-ssf-joker-976.html","SUPER SIZED ME SSF JOKER - DESIGNER TOY.jpeg","toys/art-toys-and-editions/index.html"
"MC","mc","TitleAndFilename","Young MC OG","items/og-young-mc-201.html","OG Young MC - DESIGNER TOY.jpeg","toys/art-toys-and-editions/mc/index.html"
"Sunflower","sunflower","TitleOnly","Ganja Grin Sunflower - Haze Bob","items/haze-bob-ganja-gin-the-compound-458.html","Haze Bob Ganja Gin (The Compound) - DESIGNER TOY.jpeg","toys/art-toys-and-editions/sunflower/index.html"
"Sunflower","sunflower","TitleOnly","Grin Polka Dot Shocking Sunflower","items/grin-polka-dot-shocking-sunflower-727.html","Grin Polka Dot Shocking Sunflower - DESIGNER TOY-3.jpeg","toys/art-toys-and-editions/sunflower/index.html"
"Sunflower","sunflower","TitleOnly","Growing Grin Sunflower","items/growing-grin-sunflower-ron-english-191-57.html","Growing Grin Sunflower Ron English [191] - DESIGNER TOY.jpeg","toys/art-toys-and-editions/sunflower/index.html"
"Sunflower","sunflower","TitleOnly","Pink Shocking Sunflower - Silver Grin","items/pink-shocking-sunflower-silver-grin-355.html","Pink Shocking Sunflower (Silver Grin) - DESIGNER TOY.jpeg","toys/art-toys-and-editions/sunflower/index.html"
"Sunflower","sunflower","TitleOnly","Ronnnie Rabbbit Sunflower","items/ronnnie-rabbbit-sunflower-ron-english-192-459.html","Ronnnie Rabbbit Sunflower Ron English [192] - DESIGNER TOY.jpeg","toys/art-toys-and-editions/ronnnie-rabbbit/index.html"
"Sunflower","sunflower","TitleOnly","Shocking Sunflower - 3-Eyed Spongebob","items/shocking-sunflower-3-eyed-sponge-145.html","Shocking Sunflower (3 Eyed Sponge) - DESIGNER TOY.jpeg","toys/art-toys-and-editions/sunflower/index.html"
"Sunflower","sunflower","TitleOnly","Shocking Sunflower - Black 3-Eyed Spongebob","items/black-shocking-sunflower-3-eyed-sponge-204.html","Black Shocking Sunflower (3 Eyed Sponge) - DESIGNER TOY.jpeg","toys/art-toys-and-editions/sunflower/index.html"
"Sunflower","sunflower","TitleOnly","Shocking Sunflower - Black with Bone Grin","items/black-shocking-sunflower-bone-grin-107.html","Black Shocking Sunflower (Bone Grin) - DESIGNER TOY.jpeg","toys/art-toys-and-editions/sunflower/index.html"
"Sunflower","sunflower","TitleOnly","Shocking Sunflower - Black with Gold Grin","items/black-shocking-sunflower-gold-grin-109.html","Black Shocking Sunflower (Gold Grin) - DESIGNER TOY.jpeg","toys/art-toys-and-editions/sunflower/index.html"
"Sunflower","sunflower","TitleOnly","Shocking Sunflower - Blue Ice Bone Grin","items/blue-ice-shocking-sunflower-bone-grin-1027.html","Blue Ice Shocking Sunflower (Ronnie) - DESIGNER TOY-3.jpeg","toys/art-toys-and-editions/sunflower/index.html"
"Sunflower","sunflower","TitleOnly","Shocking Sunflower - Blue Ice Gold Grin","items/blue-ice-shocking-sunflower-gold-grin-887.html","Blue Ice Shocking Sunflower (Gold Grin) - DESIGNER TOY.jpeg","toys/art-toys-and-editions/sunflower/index.html"
"Sunflower","sunflower","TitleOnly","Shocking Sunflower - Blue Ice Ronnie","items/blue-ice-shocking-sunflower-ronnie-968.html","Blue Ice Shocking Sunflower (Ronnie) - DESIGNER TOY-3.jpeg","toys/art-toys-and-editions/sunflower/index.html"
"Sunflower","sunflower","TitleOnly","Shocking Sunflower - Charlie Grin (Bone)","items/charlie-grin-shocking-sunflower-bone-281.html","Charlie Grin Shocking Sunflower (Bone) - DESIGNER TOY-2.jpeg","toys/art-toys-and-editions/charlie-grin/index.html"
"Sunflower","sunflower","TitleOnly","Shocking Sunflower - Charlie Grin (Silver)","items/charlie-grin-shocking-sunflower-silver-1.html","Charlie Grin Shocking Sunflower (Silver) - DESIGNER TOY.jpeg","toys/art-toys-and-editions/charlie-grin/index.html"
"Sunflower","sunflower","TitleOnly","Shocking Sunflower - Charlie Grin Electric Strawberry (+NFT)","items/electric-strawberry-charlie-grin-sunflower-nft-1009.html","Electric Strawberry Charlie Grin Sunflower (+NFT) - DESIGNER TOY.jpeg","toys/art-toys-and-editions/charlie-grin/index.html"
"Sunflower","sunflower","TitleOnly","Shocking Sunflower - Charlie Grin Lightning Zest (+NFT)","items/lightning-zest-charlie-grin-sunflower-nft-141.html","Lightning Zest Charlie Grin Sunflower (+NFT) - DESIGNER TOY.jpeg","toys/art-toys-and-editions/charlie-grin/index.html"
"Sunflower","sunflower","TitleOnly","Shocking Sunflower - Charlie Grin MC","items/m-c-charlie-grin-768.html","MC Charlie Grin - DESIGNER TOY.jpeg","toys/art-toys-and-editions/charlie-grin/index.html"
"Sunflower","sunflower","TitleOnly","Shocking Sunflower - Gold & Silver","items/gold-silver-shocking-sunflower-gold-grin-1011.html","Gold & Silver Shocking Sunflower (Gold Grin) - DESIGNER TOY.jpeg","toys/art-toys-and-editions/sunflower/index.html"
"Sunflower","sunflower","TitleOnly","Shocking Sunflower - Gold & Silver","items/gold-silver-shocking-sunflower-silver-grin-774.html","Gold & Silver Shocking Sunflower (Silver Grin) - DESIGNER TOY.jpeg","toys/art-toys-and-editions/sunflower/index.html"
"Sunflower","sunflower","TitleOnly","Shocking Sunflower Grin","items/shocking-sunflower-grin-681.html","Shocking Sunflower (Grin) - DESIGNER TOY.jpeg","toys/art-toys-and-editions/sunflower/index.html"
"Sunflower","sunflower","TitleOnly","Shocking Sunflower - Pink & Bone","items/pink-shocking-sunflower-bone-grin-114.html","Pink Shocking Sunflower (Bone Grin) - DESIGNER TOY-2.jpeg","toys/art-toys-and-editions/sunflower/index.html"
"Sunflower","sunflower","TitleOnly","Shocking Sunflower - Pink 3-Eyed Spongebob","items/pink-shocking-sunflower-3-eyed-sponge-945.html","Pink Shocking Sunflower (3 Eyed Sponge) - DESIGNER TOY.jpeg","toys/art-toys-and-editions/sunflower/index.html"
"Sunflower","sunflower","TitleOnly","Shocking Sunflower - Pink Cheezy 3-Eyed Spongebob","items/pink-cheezy-shocking-sunflower-3-eyed-sponge-845.html","Pink Cheezy Shocking Sunflower (3 Eyed Sponge) - DESIGNER TOY-2.jpeg","toys/art-toys-and-editions/sunflower/index.html"
"Sunflower","sunflower","TitleOnly","Shocking Sunflower - Pink Smile","items/pink-shocking-sunflower-smile-353.html","Pink Shocking Sunflower (Smile) - DESIGNER TOY-3.jpeg","toys/art-toys-and-editions/sunflower/index.html"
"Sunflower","sunflower","TitleOnly","Shocking Sunflower -Red Glitter Glow","items/red-glitter-glow-shocking-sunflower-878.html","Red Glitter Glow Shocking Sunflower - DESIGNER TOY.jpeg","toys/art-toys-and-editions/sunflower/index.html"
"Sunflower","sunflower","TitleOnly","Shocking Sunflower - Ronnnie Rabbbit Polka Dot","items/ronnnie-rabbbit-polka-dot-shocking-sunflower-1015.html","Ronnnie Rabbbit Polka Dot Shocking Sunflower - DESIGNER TOY.jpeg","toys/art-toys-and-editions/ronnnie-rabbbit/index.html"
"Sunflower","sunflower","TitleOnly","Shocking Sunflower - Smiley","items/shocking-sunflower-smiley-894.html","Shocking Sunflower (Smiley) - DESIGNER TOY.jpeg","toys/art-toys-and-editions/sunflower/index.html"
"Sunflower","sunflower","TitleOnly","Sunflower Grin","items/sunflower-grin-258.html","Sunflower Grin - DESIGNER TOY.jpeg","toys/art-toys-and-editions/sunflower/index.html"
"Sunflower","sunflower","TitleOnly","Sunflower Grin - Metallic","items/sunflower-grin-metallic-5.html","Sunflower Grin Metallic - DESIGNER TOY.jpeg","toys/art-toys-and-editions/sunflower/index.html"
"Sunflower","sunflower","TitleOnly","Telegrinnie Sunflower - Laa-Laa","items/laa-laa-telegrinnies-sunflowers-8.html","Laa-Laa Telegrinnies Sunflowers - DESIGNER TOY.jpeg","toys/art-toys-and-editions/sunflower/index.html"
"Sunflower","sunflower","TitleOnly","Telegrinnie Sunflower - Miami Blue","items/miami-blue-telegrinnies-sunflowers-672.html","Miami Blue Telegrinnies Sunflowers - DESIGNER TOY.jpeg","toys/art-toys-and-editions/sunflower/index.html"
"Sunflower","sunflower","TitleOnly","Telegrinnie Sunflower - Miami Pink","items/miami-pink-telegrinnies-sunflowers-663.html","Miami Pink Telegrinnies Sunflowers - DESIGNER TOY.jpeg","toys/art-toys-and-editions/sunflower/index.html"
"Sunflower","sunflower","TitleOnly","Telegrinnie Sunflower - Red","items/po-telegrinnies-sunflowers-765.html","Po Telegrinnies Sunflowers - DESIGNER TOY.jpeg","toys/art-toys-and-editions/sunflower/index.html"
"Sunflower","sunflower","TitleOnly","Telegrinnie Sunflower - Tinky Winky","items/tinky-winky-telegrinnies-sunflowers-876.html","Tinky Winky Telegrinnies Sunflowers - DESIGNER TOY.jpeg","toys/art-toys-and-editions/sunflower/index.html"
"Sunflower","sunflower","TitleOnly","Telegrinnie Sunflowers - Dipsy","items/dipsy-telegrinnies-sunflowers-3.html","Dipsy Telegrinnies Sunflowers - DESIGNER TOY.jpeg","toys/art-toys-and-editions/sunflower/index.html"
"Charlie Grin","charlie-grin","TitleAndFilename","Black Charlie Grin","items/48-black-charlie-grin-486.html","48 Black Charlie Grin - DESIGNER TOY.jpeg","toys/art-toys-and-editions/charlie-grin/index.html"
"Charlie Grin","charlie-grin","TitleAndFilename","Charlie Grin - Atomic Orange (+NFT)","items/atomic-orange-charlie-grin-sunflower-nft-1001.html","48 Atomic Orange Charlie Grin (+NFT) - DESIGNER TOY.jpeg","toys/art-toys-and-editions/charlie-grin/index.html"
"Charlie Grin","charlie-grin","TitleAndFilename","Charlie Grin - Black & Gold","items/charlie-grin-black-gold-572.html","Charlie Grin Black & Gold - DESIGNER TOY.jpeg","toys/art-toys-and-editions/charlie-grin/index.html"
"Charlie Grin","charlie-grin","TitleAndFilename","Charlie Grin - Black & Platinum","items/charlie-grin-black-platinum-909.html","Charlie Grin Black & Platinum - DESIGNER TOY.jpeg","toys/art-toys-and-editions/charlie-grin/index.html"
"Charlie Grin","charlie-grin","TitleAndFilename","Charlie Grin - Blue","items/charlie-grin-blue-31.html","Charlie Grin - Blue - DESIGNER TOY.jpeg","toys/art-toys-and-editions/charlie-grin/index.html"
"Charlie Grin","charlie-grin","TitleAndFilename","Charlie Grin - Chapel of Dawn edition","items/charlie-grin-chapel-of-dawn-edition-1023.html","Charlie Grin - Chapel of Dawn edition - DESIGNER TOY.jpeg","toys/art-toys-and-editions/charlie-grin/index.html"
"Charlie Grin","charlie-grin","TitleAndFilename","Charlie Grin - Club Cubic - GID","items/charlie-grin-club-cubic-gid-383.html","Charlie Grin Club Cubic - GID - DESIGNER TOY-2.jpeg","toys/art-toys-and-editions/charlie-grin/index.html"
"Charlie Grin","charlie-grin","TitleAndFilename","Charlie Grin - Garageworks Edition""","items/charlie-grin-garageworks-edition-48-151.html","Charlie Grin - Garageworks Edition 48 - DESIGNER TOY.jpeg","toys/art-toys-and-editions/charlie-grin/index.html"
"Charlie Grin","charlie-grin","TitleAndFilename","Charlie Grin - Highsnobiety Gold Edition","items/charlie-grin-highsnobiety-gold-edition-466.html","Charlie Grin - Highsnobiety Gold Edition - DESIGNER TOY.jpeg","toys/art-toys-and-editions/charlie-grin/index.html"
"Charlie Grin","charlie-grin","TitleAndFilename","Charlie Grin - L.A. Lakers","items/charlie-grin-l-a-lakers-239.html","Charlie Grin - L.A. Lakers - DESIGNER TOY.jpeg","toys/art-toys-and-editions/charlie-grin/index.html"
"Charlie Grin","charlie-grin","TitleAndFilename","Charlie Grin - Mono (JPS Exclusive)","items/charlie-grin-mono-jps-exclusive-539.html","Charlie Grin - Mono ( JPS Exclusive ) - DESIGNER TOY.jpeg","toys/art-toys-and-editions/charlie-grin/index.html"
"Charlie Grin","charlie-grin","TitleAndFilename","Charlie Grin - Mono AP Edition (JPS Exclusive)","items/charlie-grin-mono-ap-edition-jps-exclusive-879.html","Charlie Grin - Mono AP Edition ( JPS Exclusive ) - DESIGNER TOY.jpeg","toys/art-toys-and-editions/charlie-grin/index.html"
"Charlie Grin","charlie-grin","TitleAndFilename","Charlie Grin - Mono w/ Gold Grill (JPS Exclusive)","items/charlie-grin-mono-w-gold-grill-jps-exclusive-65.html","Charlie Grin - Mono w Gold Grill ( JPS Exclusive ) - DESIGNER TOY.jpeg","toys/art-toys-and-editions/charlie-grin/index.html"
"Charlie Grin","charlie-grin","TitleAndFilename","Charlie Grin - Mono w/ Platinum Grill (JPS Exclusive)","items/charlie-grin-mono-w-platinum-grill-jps-exclusive-34.html","Charlie Grin - Mono w Platinum Grill ( JPS Exclusive ) - DESIGNER TOY-2.jpeg","toys/art-toys-and-editions/charlie-grin/index.html"
"Charlie Grin","charlie-grin","TitleAndFilename","Charlie Grin - Not In Paris","items/not-in-paris-charlie-grin-857.html","Not In Paris Charlie Grin - DESIGNER TOY.jpeg","toys/art-toys-and-editions/charlie-grin/index.html"
"Charlie Grin","charlie-grin","TitleAndFilename","Charlie Grin - OG Pink","items/charlie-grin-og-pink-454.html","CHARLIE GRIN - OG PINK - DESIGNER TOY.jpeg","toys/art-toys-and-editions/charlie-grin/index.html"
"Charlie Grin","charlie-grin","TitleAndFilename","Charlie Grin - OG Pink Rose Gold","items/og-pink-rose-gold-grin-charlie-grin-138.html","OG Pink Rose Gold Grin Charlie Grin - DESIGNER TOY.jpeg","toys/art-toys-and-editions/charlie-grin/index.html"
"Charlie Grin","charlie-grin","TitleAndFilename","Charlie Grin - OG Pink - Rose gold grey grin","items/charlie-grin-og-pink-rose-gold-grey-grin-567.html","CHARLIE GRIN - OG PINK - ROSE GOLD GREY GRIN - DESIGNER TOY.jpeg","toys/art-toys-and-editions/charlie-grin/index.html"
"Charlie Grin","charlie-grin","TitleAndFilename","Charlie Grin - Orange","items/charlie-grin-orange-396.html","Charlie Grin Orange - DESIGNER TOY.jpeg","toys/art-toys-and-editions/charlie-grin/index.html"
"Charlie Grin","charlie-grin","TitleAndFilename","Charlie Grin - The contemporary fix Edition","items/charlie-grin-the-contemporary-fix-edition-1044.html","Charlie Grin - The contemporary fix Edition - DESIGNER TOY.jpeg","toys/art-toys-and-editions/charlie-grin/index.html"
"Charlie Grin","charlie-grin","TitleAndFilename","Charlie Grin - Touma Version","items/charlie-grin-touma-version-892.html","Charlie Grin Touma Version - DESIGNER TOY.jpeg","toys/art-toys-and-editions/charlie-grin/index.html"
"Charlie Grin","charlie-grin","TitleAndFilename","Charlie Grin with Mask (NTWRK Exclusive)","items/mask-charlie-grin-ntwrk-exclusive-12.html","Mask Charlie Grin (NTWRK Exclusive) - DESIGNER TOY.jpeg","toys/art-toys-and-editions/charlie-grin/index.html"
"Charlie Grin","charlie-grin","TitleAndFilename","Charlie Grin - Yellow","items/48-yellow-charlie-grin-421.html","48 Yellow Charlie Grin - DESIGNER TOY.jpeg","toys/art-toys-and-editions/charlie-grin/index.html"
"Charlie Grin","charlie-grin","TitleAndFilename","Charlie Grin - Zac Pac Edition (Red)""","items/charlie-grin-zac-pac-edition-red-48-906.html","Charlie Grin Zac Pac Edition - Red 48 - DESIGNER TOY.jpeg","toys/art-toys-and-editions/charlie-grin/index.html"
"Charlie Grin","charlie-grin","TitleAndFilename","Electric Strawberry Charlie Grin (+NFT)","items/48-electric-strawberry-charlie-grin-nft-452.html","48 Electric Strawberry Charlie Grin (+NFT) - DESIGNER TOY.jpeg","toys/art-toys-and-editions/charlie-grin/index.html"
"Charlie Grin","charlie-grin","TitleAndFilename","Lightning Zest Charlie Grin (+NFT)","items/48-lightning-zest-charlie-grin-nft-35.html","48 Lightning Zest Charlie Grin (+NFT) - DESIGNER TOY.jpeg","toys/art-toys-and-editions/charlie-grin/index.html"
"Charlie Grin","charlie-grin","TitleAndFilename","Shocking Sunflower - Charlie Grin (Bone)","items/charlie-grin-shocking-sunflower-bone-281.html","Charlie Grin Shocking Sunflower (Bone) - DESIGNER TOY-2.jpeg","toys/art-toys-and-editions/charlie-grin/index.html"
"Charlie Grin","charlie-grin","TitleAndFilename","Shocking Sunflower - Charlie Grin (Silver)","items/charlie-grin-shocking-sunflower-silver-1.html","Charlie Grin Shocking Sunflower (Silver) - DESIGNER TOY.jpeg","toys/art-toys-and-editions/charlie-grin/index.html"
"Charlie Grin","charlie-grin","TitleAndFilename","Shocking Sunflower - Charlie Grin Electric Strawberry (+NFT)","items/electric-strawberry-charlie-grin-sunflower-nft-1009.html","Electric Strawberry Charlie Grin Sunflower (+NFT) - DESIGNER TOY.jpeg","toys/art-toys-and-editions/charlie-grin/index.html"
"Charlie Grin","charlie-grin","TitleAndFilename","Shocking Sunflower - Charlie Grin Lightning Zest (+NFT)","items/lightning-zest-charlie-grin-sunflower-nft-141.html","Lightning Zest Charlie Grin Sunflower (+NFT) - DESIGNER TOY.jpeg","toys/art-toys-and-editions/charlie-grin/index.html"
"Charlie Grin","charlie-grin","TitleAndFilename","Shocking Sunflower - Charlie Grin MC","items/m-c-charlie-grin-768.html","MC Charlie Grin - DESIGNER TOY.jpeg","toys/art-toys-and-editions/charlie-grin/index.html"
