"Category","Title","ItemPage","Source"
"Peace, Love and Understanding","Peace, Love and Understanding - Red","items/red-edition-peace-love-and-understanding-492.html","toys/art-toys-and-editions/index.html"
"Peace, Love and Understanding","Peace, Love and Understanding - Valentine Edition","items/valentine-s-edition-peace-love-and-understanding-211.html","toys/art-toys-and-editions/index.html"
"Peace, Love and Understanding","Peace, Love and Understanding - White","items/white-edition-peace-love-and-understanding-73.html","toys/art-toys-and-editions/index.html"
"Panda Grin","Panda Grin - Black","items/panda-grin-black-53.html","toys/art-toys-and-editions/index.html"
"Panda Grin","Panda Grin Black Glitter","items/panda-grin-black-glitter-451.html","toys/art-toys-and-editions/index.html"
"Panda Grin","Panda Grin - Copper","items/panda-grin-copper-536.html","toys/art-toys-and-editions/index.html"
"Panda Grin","Panda Grin - White","items/white-panda-grin-42.html","toys/art-toys-and-editions/index.html"
"Action Figure Police Grin","Action Figure - Gold Police Grin","items/gold-police-grin-834.html","toys/art-toys-and-editions/action-figure/index.html"
"Action Figure Police Grin","Action Figure Police Grin - Gay Empire","items/gay-empire-police-grin-303.html","toys/art-toys-and-editions/action-figure/index.html"
"Action Figure Police Grin","Action Figure Police Grin - Gold","items/gold-police-grin-604.html","toys/art-toys-and-editions/action-figure/index.html"
"Action Figure Police Grin","Action Figure Police Grin - HipHop Trooper","items/hiphop-trooper-police-grin-202.html","toys/art-toys-and-editions/action-figure/index.html"
"Action Figure Police Grin","Action Figure Police Grin - Silver AP","items/silver-ap-police-grin-384.html","toys/art-toys-and-editions/action-figure/index.html"
"Action Figure Police Grin","Action Figure Police Grin - White","items/white-police-grin-212.html","toys/art-toys-and-editions/action-figure/index.html"
"Action Figure Police Grin","Police Grin Action Figure - White (SDCC '20)","items/white-police-grin-action-figure-sdcc-20-60.html","toys/art-toys-and-editions/action-figure/index.html"
