"ReviewStatus","PageTitle","LocalPagePath","PageType","SectionGuess","SourceURL","SourceDomain","LinkText","InitialClassification","RecommendedPublicUse","FinalClassification","ScreenshotNeeded","ScreenshotLocalPath","ScreenshotCaptureGuidance","SuggestedPublicCardTitle","SuggestedPublicCaption","SourceNotes","InternalNotes"
"Needs review","BIGFOOT CHILD TOURIST (NFS)","items\bigfoot-child-tourist-nfs-921.html","Individual item page","Individual item page - category unclear","https://coreyhelfordgallery.com/shows/ron-english-installation/bigfoot-child-tourist-lifesize/","coreyhelfordgallery.com","here","Review - likely evidence card or selected online documentation","","","Review","","If used as an Evidence card, capture the object image plus the listing title and any visible material, dimensions, edition, date, price, or exhibition/gallery context.","","","",""
"Needs review","BIGFOOT FATHER TOURIST (NFS)","items\bigfoot-father-tourist-nfs-169.html","Individual item page","Individual item page - category unclear","https://coreyhelfordgallery.com/shows/ron-english-installation/bigfoot-father-tourist/","coreyhelfordgallery.com","here","Review - likely evidence card or selected online documentation","","","Review","","If used as an Evidence card, capture the object image plus the listing title and any visible material, dimensions, edition, date, price, or exhibition/gallery context.","","","",""
"Needs review","BIGFOOT MOTHER TOURIST (NFS)","items\bigfoot-mother-tourist-nfs-983.html","Individual item page","Individual item page - category unclear","https://coreyhelfordgallery.com/shows/ron-english-installation/bigfoot-mother-tourist/","coreyhelfordgallery.com","here","Review - likely evidence card or selected online documentation","","","Review","","If used as an Evidence card, capture the object image plus the listing title and any visible material, dimensions, edition, date, price, or exhibition/gallery context.","","","",""
"Needs review","EUROPEAN CAMO DOE","items\european-camo-doe-197.html","Individual item page","Individual item page - category unclear","https://coreyhelfordgallery.com/shows/ron-english/european-camo-doe/","coreyhelfordgallery.com","here","Review - likely evidence card or selected online documentation","","","Review","","If used as an Evidence card, capture the object image plus the listing title and any visible material, dimensions, edition, date, price, or exhibition/gallery context.","","","",""
"Needs review","EUROPEAN CAMO STAG","items\european-camo-stag-517.html","Individual item page","Individual item page - category unclear","https://coreyhelfordgallery.com/shows/ron-english/european-camo-stag/","coreyhelfordgallery.com","here","Review - likely evidence card or selected online documentation","","","Review","","If used as an Evidence card, capture the object image plus the listing title and any visible material, dimensions, edition, date, price, or exhibition/gallery context.","","","",""
"Needs review","Starskull Walking Stick","items\starskull-walking-stick.html","Individual item page","Individual item page - category unclear","https://coreyhelfordgallery.com/shows/ron-english/starskull-walking-stick/","coreyhelfordgallery.com","here","Review - likely evidence card or selected online documentation","","","Review","","If used as an Evidence card, capture the object image plus the listing title and any visible material, dimensions, edition, date, price, or exhibition/gallery context.","","","",""
"Needs review","Cheezy Grin","items\cheezy-grin.html","Individual item page","Individual item page - category unclear","https://fineart.ha.com/itm/sculpture/ron-english-b-1959-cheezy-grin-2018painted-fiberglass46-x-27-x-21-inches-1168-x-686-x-533-cm-edition-of/a/8236-66141.s?lotPosition=14&amp;ic16=ViewItem-BrowseTabs-Auction-Archive-ArchiveSearchResults-012417","fineart.ha.com","here","Review - likely evidence card or selected online documentation","","","Review","","If used as an Evidence card, capture the lot title, object image, auction/lot context, date, and any visible dimensions/material/edition details. Avoid emphasizing resale price unless it is needed for historical auction documentation.","","","",""
"Needs review","Marilyn Mickeys (Green)","items\marilyn-mickeys-green.html","Individual item page","Individual item page - category unclear","https://fineart.ha.com/itm/collectible/contemporary/ron-english-american-b-1959-marilyn-mickeys-green-2010painted-cast-vinyl19-x-10-x-9-inches-483-x-254-x/a/5444-66470.s?lotPosition=23&amp;ic16=ViewItem-BrowseTabs-Auction-Archive-ArchiveSearchResults-012417","fineart.ha.com","here","Review - likely evidence card or selected online documentation","","","Review","","If used as an Evidence card, capture the lot title, object image, auction/lot context, date, and any visible dimensions/material/edition details. Avoid emphasizing resale price unless it is needed for historical auction documentation.","","","",""
"Needs review","POPaganda Couch","items\popaganda-couch.html","Individual item page","Individual item page - category unclear","https://fineart.ha.com/itm/sculpture/ron-english-b-1959-popaganda-couch-2015acrylic-on-leather-couch32-x-72-x-32-inches-813-x-1829-x-813-cm-/a/8251-66095.s?lotPosition=16&amp;ic16=ViewItem-BrowseTabs-Auction-Archive-ArchiveSearchResults-012417","fineart.ha.com","here","Review - likely evidence card or selected online documentation","","","Review","","If used as an Evidence card, capture the lot title, object image, auction/lot context, date, and any visible dimensions/material/edition details. Avoid emphasizing resale price unless it is needed for historical auction documentation.","","","",""
"Needs review","Ron English x Dudebox, Giant Scratch","items\ron-english-x-dudebox-giant-scratch.html","Individual item page","Individual item page - category unclear","https://fineart.ha.com/itm/collectible/ron-english-x-dudebox-giant-scratch-2013-spray-paint-on-fiberglass-55-x-30-x-24-inches-1397-x-762-x-61/a/8049-66015.s?ic4=GalleryView-Thumbnail-071515","fineart.ha.com","here","Review - likely evidence card or selected online documentation","","","Review","","If used as an Evidence card, capture the lot title, object image, auction/lot context, date, and any visible dimensions/material/edition details. Avoid emphasizing resale price unless it is needed for historical auction documentation.","","","",""
"Needs review","Cheezy Grin","items\cheezy-grin.html","Individual item page","Individual item page - category unclear","https://www.artsy.net/artwork/ron-english-cheezy-grin-1","www.artsy.net","here","Review - likely evidence card or selected online documentation","","","Review","","If used as an Evidence card, capture the object image, title, gallery/source name, and any visible material, dimensions, date, or edition details.","","","",""
"Needs review","McSupersized","items\mcsupersized-48.html","Individual item page","Individual item page - category unclear","https://www.artsy.net/artwork/ron-english-mcsupersized-2","www.artsy.net","here","Review - likely evidence card or selected online documentation","","","Review","","If used as an Evidence card, capture the object image, title, gallery/source name, and any visible material, dimensions, date, or edition details.","","","",""
"Needs review","1/2 dollar","items\1-2-dollar-139.html","Individual item page","Individual item page - category unclear","https://www.trampt.com/item/1-2-dollar-ron-english-giclee-art-print-tf5OMmdJyAj0rb","www.trampt.com","Open Trampt source record","Internal research only - do not publish unless specifically approved","","","No","","No screenshot recommended for public page unless you specifically decide to document this source.","","","",""
"Needs review","Abraham Obama","items\abraham-obama-611.html","Individual item page","Individual item page - category unclear","https://www.trampt.com/item/abraham-obama-ron-english-screenprint-5t2JV9Er8LF7-F","www.trampt.com","Open Trampt source record","Internal research only - do not publish unless specifically approved","","","No","","No screenshot recommended for public page unless you specifically decide to document this source.","","","",""
"Needs review","Abraham Obama Electoral Map 2012","items\abraham-obama-electoral-map-2012-723.html","Individual item page","Individual item page - category unclear","https://www.trampt.com/item/abraham-obama-electoral-map-2012-ron-english-giclee-art-print-IoUhfkYdgFoDgN","www.trampt.com","Open Trampt source record","Internal research only - do not publish unless specifically approved","","","No","","No screenshot recommended for public page unless you specifically decide to document this source.","","","",""
"Needs review","Action Jackson","items\action-jackson-615.html","Individual item page","Individual item page - category unclear","https://www.trampt.com/item/action-jackson-ron-english-giclee-art-print-zRBcVnhWbt3l6j","www.trampt.com","Open Trampt source record","Internal research only - do not publish unless specifically approved","","","No","","No screenshot recommended for public page unless you specifically decide to document this source.","","","",""
"Needs review","Action Jackson & Bauhaus","items\action-jackson-bauhaus-678.html","Individual item page","Individual item page - category unclear","https://www.trampt.com/item/action-jackson-and-bauhaus-ron-english-oil-y11bNLUwpOWd5z","www.trampt.com","Open Trampt source record","Internal research only - do not publish unless specifically approved","","","No","","No screenshot recommended for public page unless you specifically decide to document this source.","","","",""
"Needs review","Alfred E. Newman Skull","items\alfred-e-newman-skull-300.html","Individual item page","Individual item page - category unclear","https://www.trampt.com/item/alfred-e-newman-skull-ron-english-ink-ag067qLEdu-xEh","www.trampt.com","Open Trampt source record","Internal research only - do not publish unless specifically approved","","","No","","No screenshot recommended for public page unless you specifically decide to document this source.","","","",""
"Needs review","ALT Football","items\alt-football-584.html","Individual item page","Individual item page - category unclear","https://www.trampt.com/item/alt-football-ron-english-ink-54eD4IyfO4xaBg","www.trampt.com","Open Trampt source record","Internal research only - do not publish unless specifically approved","","","No","","No screenshot recommended for public page unless you specifically decide to document this source.","","","",""
"Needs review","Astro Grin (Drawing)","items\astro-grin-drawing-675.html","Individual item page","Individual item page - category unclear","https://www.trampt.com/item/astro-grin-drawing-ron-english-mixed-media-eGRm_y_zaIVuQ9","www.trampt.com","Open Trampt source record","Internal research only - do not publish unless specifically approved","","","No","","No screenshot recommended for public page unless you specifically decide to document this source.","","","",""
"Needs review","Backyard soldiers","items\backyard-soldiers-382.html","Individual item page","Individual item page - category unclear","https://www.trampt.com/item/backyard-soldiers-ron-english-oil-_TDPJP1zXgMlyJ","www.trampt.com","Open Trampt source record","Internal research only - do not publish unless specifically approved","","","No","","No screenshot recommended for public page unless you specifically decide to document this source.","","","",""
"Needs review","Bad Man and Sidekick","items\bad-man-and-sidekick-129.html","Individual item page","Individual item page - category unclear","https://www.trampt.com/item/bad-man-and-sidekick-ron-english-paper-drawing-UejsFBsfDcQBw1","www.trampt.com","Open Trampt source record","Internal research only - do not publish unless specifically approved","","","No","","No screenshot recommended for public page unless you specifically decide to document this source.","","","",""
"Needs review","Batman and the Boy Blunder (Badly Drawn)","items\batman-and-the-boy-blunder-badly-drawn-985.html","Individual item page","Individual item page - category unclear","https://www.trampt.com/item/batman-and-the-boy-blunder-badly-drawn-ron-english-ink-Ioh4Na443Jly61","www.trampt.com","Open Trampt source record","Internal research only - do not publish unless specifically approved","","","No","","No screenshot recommended for public page unless you specifically decide to document this source.","","","",""
"Needs review","Batman Brain Dream","items\batman-brain-dream-1054.html","Individual item page","Individual item page - category unclear","https://www.trampt.com/item/batman-brain-dream-ron-english-oil-ggOTtKrEn4HPbH","www.trampt.com","Open Trampt source record","Internal research only - do not publish unless specifically approved","","","No","","No screenshot recommended for public page unless you specifically decide to document this source.","","","",""
"Needs review","Beau Lief (Drawing)","items\beau-lief-drawing-747.html","Individual item page","Individual item page - category unclear","https://www.trampt.com/item/beau-lief-drawing-ron-english-mixed-media-tYLVoGTASKgiZw","www.trampt.com","Open Trampt source record","Internal research only - do not publish unless specifically approved","","","No","","No screenshot recommended for public page unless you specifically decide to document this source.","","","",""
"Needs review","Big Boner Sketch","items\big-boner-sketch-406.html","Individual item page","Individual item page - category unclear","https://www.trampt.com/item/big-boner-sketch-ron-english-ink-YZ0rZDbufNAu9a","www.trampt.com","Open Trampt source record","Internal research only - do not publish unless specifically approved","","","No","","No screenshot recommended for public page unless you specifically decide to document this source.","","","",""
"Needs review","Big Duck (Drawing)","items\big-duck-drawing-759.html","Individual item page","Individual item page - category unclear","https://www.trampt.com/item/big-duck-drawing-ron-english-mixed-media-0ryhaFaF91OL6z","www.trampt.com","Open Trampt source record","Internal research only - do not publish unless specifically approved","","","No","","No screenshot recommended for public page unless you specifically decide to document this source.","","","",""
"Needs review","Big Eye Marilyn","items\big-eye-marilyn-450.html","Individual item page","Individual item page - category unclear","https://www.trampt.com/item/big-eye-marilyn-ron-english-mixed-media-G7dkp47UW_TiSI","www.trampt.com","Open Trampt source record","Internal research only - do not publish unless specifically approved","","","No","","No screenshot recommended for public page unless you specifically decide to document this source.","","","",""
"Needs review","Big Yang & The Yang Bangers Turnaround Sketch","items\big-yang-the-yang-bangers-turnaround-sketch-499.html","Individual item page","Individual item page - category unclear","https://www.trampt.com/item/big-yang-and-the-yang-bangers-turnaround-sketch-ron-english-ink-33D_IMKGgMV-17","www.trampt.com","Open Trampt source record","Internal research only - do not publish unless specifically approved","","","No","","No screenshot recommended for public page unless you specifically decide to document this source.","","","",""
"Needs review","Breathe","items\breathe-925.html","Individual item page","Individual item page - category unclear","https://www.trampt.com/item/breathe-ron-english-giclee-art-print-uMFNpVOo09A2IR","www.trampt.com","Open Trampt source record","Internal research only - do not publish unless specifically approved","","","No","","No screenshot recommended for public page unless you specifically decide to document this source.","","","",""
"Needs review","Brown acid trip","items\brown-acid-trip-864.html","Individual item page","Individual item page - category unclear","https://www.trampt.com/item/brown-acid-trip-ron-english-oil-hq9HqWe4mquSOI","www.trampt.com","Open Trampt source record","Internal research only - do not publish unless specifically approved","","","No","","No screenshot recommended for public page unless you specifically decide to document this source.","","","",""
"Needs review","Brute","items\brute-33.html","Individual item page","Individual item page - category unclear","https://www.trampt.com/item/brute-ron-english-paper-drawing-74yHIW3xvi46nX","www.trampt.com","Open Trampt source record","Internal research only - do not publish unless specifically approved","","","No","","No screenshot recommended for public page unless you specifically decide to document this source.","","","",""
"Needs review","Camo Deer in Autumn","items\camo-deer-in-autumn-338.html","Individual item page","Individual item page - category unclear","https://www.trampt.com/item/camo-deer-in-autumn-ron-english-screenprint-QfYSk8C96aJb9M","www.trampt.com","Open Trampt source record","Internal research only - do not publish unless specifically approved","","","No","","No screenshot recommended for public page unless you specifically decide to document this source.","","","",""
"Needs review","Camo deer in early spring","items\camo-deer-in-early-spring-312.html","Individual item page","Individual item page - category unclear","https://www.trampt.com/item/camo-deer-in-early-spring-ron-english-oil-Mtq4y76Pl2-ROG","www.trampt.com","Open Trampt source record","Internal research only - do not publish unless specifically approved","","","No","","No screenshot recommended for public page unless you specifically decide to document this source.","","","",""
"Needs review","Camo deer in spring bloom","items\camo-deer-in-spring-bloom-254.html","Individual item page","Individual item page - category unclear","https://www.trampt.com/item/camo-deer-in-spring-bloom-ron-english-oil-JCvDzj5RIGudjq","www.trampt.com","Open Trampt source record","Internal research only - do not publish unless specifically approved","","","No","","No screenshot recommended for public page unless you specifically decide to document this source.","","","",""
"Needs review","Camo deer in winter","items\camo-deer-in-winter-606.html","Individual item page","Individual item page - category unclear","https://www.trampt.com/item/camo-deer-in-winter-ron-english-oil-cZa49vknDrpokz","www.trampt.com","Open Trampt source record","Internal research only - do not publish unless specifically approved","","","No","","No screenshot recommended for public page unless you specifically decide to document this source.","","","",""
"Needs review","Camo deer with autumn flowers","items\camo-deer-with-autumn-flowers-800.html","Individual item page","Individual item page - category unclear","https://www.trampt.com/item/camo-deer-with-autumn-flowers-ron-english-oil-vqMr84mf03epzG","www.trampt.com","Open Trampt source record","Internal research only - do not publish unless specifically approved","","","No","","No screenshot recommended for public page unless you specifically decide to document this source.","","","",""
"Needs review","Camo deer with shark","items\camo-deer-with-shark-92.html","Individual item page","Individual item page - category unclear","https://www.trampt.com/item/camo-deer-with-shark-ron-english-oil-E_KafAyehWAxdA","www.trampt.com","Open Trampt source record","Internal research only - do not publish unless specifically approved","","","No","","No screenshot recommended for public page unless you specifically decide to document this source.","","","",""
"Needs review","CAMO LIGHT GRENADE","items\camo-light-grenade-613.html","Individual item page","Individual item page - category unclear","https://www.trampt.com/item/camo-light-grenade-ron-english-oil-CCtf_zp88X1JMs","www.trampt.com","Open Trampt source record","Internal research only - do not publish unless specifically approved","","","No","","No screenshot recommended for public page unless you specifically decide to document this source.","","","",""
"Needs review","Camo Peace Clown","items\camo-peace-clown-313.html","Individual item page","Individual item page - category unclear","https://www.trampt.com/item/camo-peace-clown-ron-english-screenprint-5qSHaQ3bt7XRAM","www.trampt.com","Open Trampt source record","Internal research only - do not publish unless specifically approved","","","No","","No screenshot recommended for public page unless you specifically decide to document this source.","","","",""
"Needs review","Camo Tramp Boy","items\camo-tramp-boy-505.html","Individual item page","Individual item page - category unclear","https://www.trampt.com/item/camo-tramp-boy-ron-english-serigraph-Mboh7kiuZy4qM_","www.trampt.com","Open Trampt source record","Internal research only - do not publish unless specifically approved","","","No","","No screenshot recommended for public page unless you specifically decide to document this source.","","","",""
"Needs review","Capitan Kidd","items\capitan-kidd-119.html","Individual item page","Individual item page - category unclear","https://www.trampt.com/item/capitan-kidd-ron-english-giclee-art-print-R-hlhbnVO1clJw","www.trampt.com","Open Trampt source record","Internal research only - do not publish unless specifically approved","","","No","","No screenshot recommended for public page unless you specifically decide to document this source.","","","",""
"Needs review","Captain Caption","items\captain-caption-979.html","Individual item page","Individual item page - category unclear","https://www.trampt.com/item/captain-caption-ron-english-ink-ItzZLSwGINQjPN","www.trampt.com","Open Trampt source record","Internal research only - do not publish unless specifically approved","","","No","","No screenshot recommended for public page unless you specifically decide to document this source.","","","",""
"Needs review","CAPTAIN CAPTION","items\captain-caption-232.html","Individual item page","Individual item page - category unclear","https://www.trampt.com/item/captain-caption-ron-english-oil-d5A3lkOo1_CwAG","www.trampt.com","Open Trampt source record","Internal research only - do not publish unless specifically approved","","","No","","No screenshot recommended for public page unless you specifically decide to document this source.","","","",""
"Needs review","Captain Caption","items\captain-caption-430.html","Individual item page","Individual item page - category unclear","https://www.trampt.com/item/captain-caption-ron-english-screenprint-eS5en8lt-AXc3G","www.trampt.com","Open Trampt source record","Internal research only - do not publish unless specifically approved","","","No","","No screenshot recommended for public page unless you specifically decide to document this source.","","","",""
"Needs review","Capt'n Cornstarch","items\capt-n-cornstarch-1004.html","Individual item page","Individual item page - category unclear","https://www.trampt.com/item/captn-cornstarch-ron-english-ink-j6jbrTbrpiJ3jP","www.trampt.com","Open Trampt source record","Internal research only - do not publish unless specifically approved","","","No","","No screenshot recommended for public page unless you specifically decide to document this source.","","","",""
"Needs review","Carrot Man","items\carrot-man-656.html","Individual item page","Individual item page - category unclear","https://www.trampt.com/item/carrot-man-ron-english-paper-drawing-kZyNVekFckzzZh","www.trampt.com","Open Trampt source record","Internal research only - do not publish unless specifically approved","","","No","","No screenshot recommended for public page unless you specifically decide to document this source.","","","",""
"Needs review","Cartoon Guernica Sketch","items\cartoon-guernica-sketch-196.html","Individual item page","Individual item page - category unclear","https://www.trampt.com/item/cartoon-guernica-sketch-ron-english-ink-WlwfWwJpz9gP53","www.trampt.com","Open Trampt source record","Internal research only - do not publish unless specifically approved","","","No","","No screenshot recommended for public page unless you specifically decide to document this source.","","","",""
"Needs review","Cat fish","items\cat-fish-1025.html","Individual item page","Individual item page - category unclear","https://www.trampt.com/item/cat-fish-ron-english-giclee-art-print-_BTi3yx4gdsW15","www.trampt.com","Open Trampt source record","Internal research only - do not publish unless specifically approved","","","No","","No screenshot recommended for public page unless you specifically decide to document this source.","","","",""
"Needs review","Cathy Cowgirl","items\cathy-cowgirl-760.html","Individual item page","Individual item page - category unclear","https://www.trampt.com/item/cathy-cowgirl-ron-english-ink-iKmY3lmZjmKER8","www.trampt.com","Open Trampt source record","Internal research only - do not publish unless specifically approved","","","No","","No screenshot recommended for public page unless you specifically decide to document this source.","","","",""
"Needs review","Cereal Killer: Cap'n Cornstarch Sketch","items\cereal-killer-cap-n-cornstarch-sketch-356.html","Individual item page","Individual item page - category unclear","https://www.trampt.com/item/cereal-killer-capn-cornstarch-sketch-ron-english-ink-Ac0WMfDeJoTMEA","www.trampt.com","Open Trampt source record","Internal research only - do not publish unless specifically approved","","","No","","No screenshot recommended for public page unless you specifically decide to document this source.","","","",""
"Needs review","Cereal Killer: Coco Paunch Sketch","items\cereal-killer-coco-paunch-sketch-311.html","Individual item page","Individual item page - category unclear","https://www.trampt.com/item/cereal-killer-coco-paunch-sketch-ron-english-ink-9iUTAIN9zuPTGC","www.trampt.com","Open Trampt source record","Internal research only - do not publish unless specifically approved","","","No","","No screenshot recommended for public page unless you specifically decide to document this source.","","","",""
"Needs review","Cereal Killer: Franken Fat Sketch","items\cereal-killer-franken-fat-sketch-854.html","Individual item page","Individual item page - category unclear","https://www.trampt.com/item/cereal-killer-franken-fat-sketch-ron-english-ink-hDZBBIX_9yjYFu","www.trampt.com","Open Trampt source record","Internal research only - do not publish unless specifically approved","","","No","","No screenshot recommended for public page unless you specifically decide to document this source.","","","",""
"Needs review","Cereal Killer: Fructose Peddlers Sketch","items\cereal-killer-fructose-peddlers-sketch-357.html","Individual item page","Individual item page - category unclear","https://www.trampt.com/item/cereal-killer-fructose-peddlers-sketch-ron-english-ink-_QzIZ65Zm-J8ej","www.trampt.com","Open Trampt source record","Internal research only - do not publish unless specifically approved","","","No","","No screenshot recommended for public page unless you specifically decide to document this source.","","","",""
"Needs review","Cereal Killer: Fruit Looped Sketch","items\cereal-killer-fruit-looped-sketch-476.html","Individual item page","Individual item page - category unclear","https://www.trampt.com/item/cereal-killer-fruit-looped-sketch-ron-english-ink-3yajc15DajfavU","www.trampt.com","Open Trampt source record","Internal research only - do not publish unless specifically approved","","","No","","No screenshot recommended for public page unless you specifically decide to document this source.","","","",""
"Needs review","Cereal Killer: Sugar Diabetic Bear Sketch","items\cereal-killer-sugar-diabetic-bear-sketch-227.html","Individual item page","Individual item page - category unclear","https://www.trampt.com/item/cereal-killer-sugar-diabetic-bear-sketch-ron-english-ink-Gxu_8ZR5jQEtFC","www.trampt.com","Open Trampt source record","Internal research only - do not publish unless specifically approved","","","No","","No screenshot recommended for public page unless you specifically decide to document this source.","","","",""
"Needs review","Cereal Killer: Sugar Pow Sketch","items\cereal-killer-sugar-pow-sketch-728.html","Individual item page","Individual item page - category unclear","https://www.trampt.com/item/cereal-killer-sugar-pow-sketch-ron-english-ink-3Gc6VJPuxXahuU","www.trampt.com","Open Trampt source record","Internal research only - do not publish unless specifically approved","","","No","","No screenshot recommended for public page unless you specifically decide to document this source.","","","",""
"Needs review","Cereal Killer: Tricks the Kids Sketch","items\cereal-killer-tricks-the-kids-sketch-799.html","Individual item page","Individual item page - category unclear","https://www.trampt.com/item/cereal-killer-tricks-the-kids-sketch-ron-english-ink-ZvWgCofPdgPpRs","www.trampt.com","Open Trampt source record","Internal research only - do not publish unless specifically approved","","","No","","No screenshot recommended for public page unless you specifically decide to document this source.","","","",""
"Needs review","Cereal Killer: Yucky Children Charmer Sketch","items\cereal-killer-yucky-children-charmer-sketch-826.html","Individual item page","Individual item page - category unclear","https://www.trampt.com/item/cereal-killer-yucky-children-charmer-sketch-ron-english-ink-GacqkSW8tOnbQa","www.trampt.com","Open Trampt source record","Internal research only - do not publish unless specifically approved","","","No","","No screenshot recommended for public page unless you specifically decide to document this source.","","","",""
"Needs review","Charlie Grin Turnaround Sketches","items\charlie-grin-turnaround-sketches-37.html","Individual item page","Individual item page - category unclear","https://www.trampt.com/item/charlie-grin-turnaround-sketches-ron-english-ink-fd3R4wpXynQYt-","www.trampt.com","Open Trampt source record","Internal research only - do not publish unless specifically approved","","","No","","No screenshot recommended for public page unless you specifically decide to document this source.","","","",""
"Needs review","CHIHUAHUA REX","items\chihuahua-rex-402.html","Individual item page","Individual item page - category unclear","https://www.trampt.com/item/chihuahua-rex-ron-english-oil-joUaZyggtFmmAT","www.trampt.com","Open Trampt source record","Internal research only - do not publish unless specifically approved","","","No","","No screenshot recommended for public page unless you specifically decide to document this source.","","","",""
"Needs review","CLOUD DEER","items\cloud-deer-243.html","Individual item page","Individual item page - category unclear","https://www.trampt.com/item/cloud-deer-ron-english-oil-Qh1CixaQA8uOa_","www.trampt.com","Open Trampt source record","Internal research only - do not publish unless specifically approved","","","No","","No screenshot recommended for public page unless you specifically decide to document this source.","","","",""
"Needs review","CLOWN SCHOOL","items\clown-school-437.html","Individual item page","Individual item page - category unclear","https://www.trampt.com/item/clown-school-ron-english-oil-g4EgmT75qx1wzO","www.trampt.com","Open Trampt source record","Internal research only - do not publish unless specifically approved","","","No","","No screenshot recommended for public page unless you specifically decide to document this source.","","","",""
"Needs review","COMBAT CLASSIC PORTRAIT","items\combat-classic-portrait-91.html","Individual item page","Individual item page - category unclear","https://www.trampt.com/item/combat-classic-portrait-ron-english-oil-FymLrNEi91LQzi","www.trampt.com","Open Trampt source record","Internal research only - do not publish unless specifically approved","","","No","","No screenshot recommended for public page unless you specifically decide to document this source.","","","",""
"Needs review","Combrat carnival","items\combrat-carnival-874.html","Individual item page","Individual item page - category unclear","https://www.trampt.com/item/combrat-carnival-ron-english-oil-3E5gdWMDBSKJ82","www.trampt.com","Open Trampt source record","Internal research only - do not publish unless specifically approved","","","No","","No screenshot recommended for public page unless you specifically decide to document this source.","","","",""
"Needs review","Comic house block party","items\comic-house-block-party-171.html","Individual item page","Individual item page - category unclear","https://www.trampt.com/item/comic-house-block-party-ron-english-oil-7TiReiyHWUyKhM","www.trampt.com","Open Trampt source record","Internal research only - do not publish unless specifically approved","","","No","","No screenshot recommended for public page unless you specifically decide to document this source.","","","",""
"Needs review","Coulrophobic Clown","items\coulrophobic-clown-123.html","Individual item page","Individual item page - category unclear","https://www.trampt.com/item/coulrophobic-clown-ron-english-giclee-art-print-4xzWPiQ_WwnvtN","www.trampt.com","Open Trampt source record","Internal research only - do not publish unless specifically approved","","","No","","No screenshot recommended for public page unless you specifically decide to document this source.","","","",""
"Needs review","Cowgirl hotrod","items\cowgirl-hotrod-988.html","Individual item page","Individual item page - category unclear","https://www.trampt.com/item/cowgirl-hotrod-ron-english-oil-qRlCLQPFPDYl0u","www.trampt.com","Open Trampt source record","Internal research only - do not publish unless specifically approved","","","No","","No screenshot recommended for public page unless you specifically decide to document this source.","","","",""
"Needs review","Demon Frankenstein Kaiju","items\demon-frankenstein-kaiju-479.html","Individual item page","Individual item page - category unclear","https://www.trampt.com/item/demon-frankenstein-kaiju-ron-english-ink-Cgr-q2jgAIrtBR","www.trampt.com","Open Trampt source record","Internal research only - do not publish unless specifically approved","","","No","","No screenshot recommended for public page unless you specifically decide to document this source.","","","",""
"Needs review","Diamond Star Skull","items\diamond-star-skull-807.html","Individual item page","Individual item page - category unclear","https://www.trampt.com/item/diamond-star-skull-ron-english-giclee-art-print-Sv34enVgpk_nqs","www.trampt.com","Open Trampt source record","Internal research only - do not publish unless specifically approved","","","No","","No screenshot recommended for public page unless you specifically decide to document this source.","","","",""
"Needs review","DINOGRENADE","items\dinogrenade-26.html","Individual item page","Individual item page - category unclear","https://www.trampt.com/item/dinogrenade-ron-english-oil-qqHJorb7qMsnA3","www.trampt.com","Open Trampt source record","Internal research only - do not publish unless specifically approved","","","No","","No screenshot recommended for public page unless you specifically decide to document this source.","","","",""
"Needs review","Dog Face Shell (Drawing)","items\dog-face-shell-drawing-960.html","Individual item page","Individual item page - category unclear","https://www.trampt.com/item/dog-face-shell-drawing-ron-english-mixed-media-MqD0jWggQPX9mg","www.trampt.com","Open Trampt source record","Internal research only - do not publish unless specifically approved","","","No","","No screenshot recommended for public page unless you specifically decide to document this source.","","","",""
"Needs review","Duck Mermaid (Drawing)","items\duck-mermaid-drawing-113.html","Individual item page","Individual item page - category unclear","https://www.trampt.com/item/duck-mermaid-drawing-ron-english-mixed-media-sMgcsW0ilZ6Ej9","www.trampt.com","Open Trampt source record","Internal research only - do not publish unless specifically approved","","","No","","No screenshot recommended for public page unless you specifically decide to document this source.","","","",""
"Needs review","Elefanka on her High Horse","items\elefanka-on-her-high-horse-156.html","Individual item page","Individual item page - category unclear","https://www.trampt.com/item/elefanka-on-her-high-horse-ron-english-paper-drawing-epJ8wTHFIb5AFf","www.trampt.com","Open Trampt source record","Internal research only - do not publish unless specifically approved","","","No","","No screenshot recommended for public page unless you specifically decide to document this source.","","","",""
"Needs review","Elefanka on Her High Horse (Drawing)","items\elefanka-on-her-high-horse-drawing-850.html","Individual item page","Individual item page - category unclear","https://www.trampt.com/item/elefanka-on-her-high-horse-drawing-ron-english-mixed-media-qZx-u5Mho5KpMk","www.trampt.com","Open Trampt source record","Internal research only - do not publish unless specifically approved","","","No","","No screenshot recommended for public page unless you specifically decide to document this source.","","","",""
"Needs review","Eminem Grin","items\eminem-grin-753.html","Individual item page","Individual item page - category unclear","https://www.trampt.com/item/eminem-grin-ron-english-oil-acrylic--4rvPpLpvT8GT5","www.trampt.com","Open Trampt source record","Internal research only - do not publish unless specifically approved","","","No","","No screenshot recommended for public page unless you specifically decide to document this source.","","","",""
"Needs review","Eye of the Electric Illuminati","items\eye-of-the-electric-illuminati-362.html","Individual item page","Individual item page - category unclear","https://www.trampt.com/item/eye-of-the-electric-illuminati-ron-english-giclee-art-print--DxhatGqVrNZL9","www.trampt.com","Open Trampt source record","Internal research only - do not publish unless specifically approved","","","No","","No screenshot recommended for public page unless you specifically decide to document this source.","","","",""
"Needs review","Eyeball DNA Dock (Drawing)","items\eyeball-dna-dock-drawing-468.html","Individual item page","Individual item page - category unclear","https://www.trampt.com/item/eyeball-dna-dock-drawing-ron-english-mixed-media-Y_MSG6Ta1YGje7","www.trampt.com","Open Trampt source record","Internal research only - do not publish unless specifically approved","","","No","","No screenshot recommended for public page unless you specifically decide to document this source.","","","",""
"Needs review","Fairy Snail (Drawing)","items\fairy-snail-drawing-882.html","Individual item page","Individual item page - category unclear","https://www.trampt.com/item/fairy-snail-drawing-ron-english-mixed-media-fXGP5CzbvFQoGH","www.trampt.com","Open Trampt source record","Internal research only - do not publish unless specifically approved","","","No","","No screenshot recommended for public page unless you specifically decide to document this source.","","","",""
"Needs review","Fat Bart","items\fat-bart-167.html","Individual item page","Individual item page - category unclear","https://www.trampt.com/item/fat-bart-ron-english-ink-gAA6ey3ukmi0om","www.trampt.com","Open Trampt source record","Internal research only - do not publish unless specifically approved","","","No","","No screenshot recommended for public page unless you specifically decide to document this source.","","","",""
"Needs review","Fauxy Fox","items\fauxy-fox-174.html","Individual item page","Individual item page - category unclear","https://www.trampt.com/item/fauxy-fox-ron-english-paper-drawing-0fbb4hM0X174LS","www.trampt.com","Open Trampt source record","Internal research only - do not publish unless specifically approved","","","No","","No screenshot recommended for public page unless you specifically decide to document this source.","","","",""
"Needs review","Figment Bust Turnaround Sketches","items\figment-bust-turnaround-sketches-554.html","Individual item page","Individual item page - category unclear","https://www.trampt.com/item/figment-bust-turnaround-sketches-ron-english-ink-f38Wnp6geJ8Ja6","www.trampt.com","Open Trampt source record","Internal research only - do not publish unless specifically approved","","","No","","No screenshot recommended for public page unless you specifically decide to document this source.","","","",""
"Needs review","FLINTSTONES ORIGIN STORY","items\flintstones-origin-story-593.html","Individual item page","Individual item page - category unclear","https://www.trampt.com/item/flintstones-origin-story-ron-english-oil-0jowl0PBfplaai","www.trampt.com","Open Trampt source record","Internal research only - do not publish unless specifically approved","","","No","","No screenshot recommended for public page unless you specifically decide to document this source.","","","",""
"Needs review","Flower Girl (Drawing)","items\flower-girl-drawing-639.html","Individual item page","Individual item page - category unclear","https://www.trampt.com/item/flower-girl-drawing-ron-english-mixed-media-hNXGxkgJFVWsEM","www.trampt.com","Open Trampt source record","Internal research only - do not publish unless specifically approved","","","No","","No screenshot recommended for public page unless you specifically decide to document this source.","","","",""
"Needs review","Flower Mermaid (Drawing)","items\flower-mermaid-drawing-704.html","Individual item page","Individual item page - category unclear","https://www.trampt.com/item/flower-mermaid-drawing-ron-english-mixed-media-TGbbMvjuZXsDK0","www.trampt.com","Open Trampt source record","Internal research only - do not publish unless specifically approved","","","No","","No screenshot recommended for public page unless you specifically decide to document this source.","","","",""
"Needs review","Forlorn Unicorn","items\forlorn-unicorn-791.html","Individual item page","Individual item page - category unclear","https://www.trampt.com/item/forlorn-unicorn-ron-english-paper-drawing-TPrv2rH_bQDzh5","www.trampt.com","Open Trampt source record","Internal research only - do not publish unless specifically approved","","","No","","No screenshot recommended for public page unless you specifically decide to document this source.","","","",""
"Needs review","Frankenfat","items\frankenfat-334.html","Individual item page","Individual item page - category unclear","https://www.trampt.com/item/frankenfat-ron-english-ink-suk6jodtDgRp3I","www.trampt.com","Open Trampt source record","Internal research only - do not publish unless specifically approved","","","No","","No screenshot recommended for public page unless you specifically decide to document this source.","","","",""
"Needs review","Fruit Looped","items\fruit-looped-559.html","Individual item page","Individual item page - category unclear","https://www.trampt.com/item/fruit-looped-ron-english-ink-U0alGyjymsIj5z","www.trampt.com","Open Trampt source record","Internal research only - do not publish unless specifically approved","","","No","","No screenshot recommended for public page unless you specifically decide to document this source.","","","",""
"Needs review","GIRAFFASAURUS","items\giraffasaurus-943.html","Individual item page","Individual item page - category unclear","https://www.trampt.com/item/giraffasaurus-ron-english-oil-KcwfKohcjUrTc4","www.trampt.com","Open Trampt source record","Internal research only - do not publish unless specifically approved","","","No","","No screenshot recommended for public page unless you specifically decide to document this source.","","","",""
"Needs review","Godzilla Portal","items\godzilla-portal-269.html","Individual item page","Individual item page - category unclear","https://www.trampt.com/item/godzilla-portal-ron-english-oil-rGzlj8AXjcicvi","www.trampt.com","Open Trampt source record","Internal research only - do not publish unless specifically approved","","","No","","No screenshot recommended for public page unless you specifically decide to document this source.","","","",""
"Needs review","Grade School Guernica","items\grade-school-guernica-673.html","Individual item page","Individual item page - category unclear","https://www.trampt.com/item/grade-school-guernica-ron-english-giclee-art-print-DMhixdu7OAzzGY","www.trampt.com","Open Trampt source record","Internal research only - do not publish unless specifically approved","","","No","","No screenshot recommended for public page unless you specifically decide to document this source.","","","",""
"Needs review","Graff Mousemask (Drawing)","items\graff-mousemask-drawing-270.html","Individual item page","Individual item page - category unclear","https://www.trampt.com/item/graff-mousemask-drawing-ron-english-mixed-media-U3fhd7QKVr3gSo","www.trampt.com","Open Trampt source record","Internal research only - do not publish unless specifically approved","","","No","","No screenshot recommended for public page unless you specifically decide to document this source.","","","",""
"Needs review","Graveyard Guernica Sketches","items\graveyard-guernica-sketches-840.html","Individual item page","Individual item page - category unclear","https://www.trampt.com/item/graveyard-guernica-sketches-ron-english-ink-h_J3mEzrChunSY","www.trampt.com","Open Trampt source record","Internal research only - do not publish unless specifically approved","","","No","","No screenshot recommended for public page unless you specifically decide to document this source.","","","",""
"Needs review","Gridiron (Drawing)","items\gridiron-drawing-290.html","Individual item page","Individual item page - category unclear","https://www.trampt.com/item/gridiron-drawing-ron-english-mixed-media-tZ661fUKaguoLy","www.trampt.com","Open Trampt source record","Internal research only - do not publish unless specifically approved","","","No","","No screenshot recommended for public page unless you specifically decide to document this source.","","","",""
"Needs review","Grin David (Drawing)","items\grin-david-drawing-844.html","Individual item page","Individual item page - category unclear","https://www.trampt.com/item/grin-david-drawing-ron-english-mixed-media-RBUjZ_U0m7u_Nh","www.trampt.com","Open Trampt source record","Internal research only - do not publish unless specifically approved","","","No","","No screenshot recommended for public page unless you specifically decide to document this source.","","","",""
"Needs review","GRIN GOD","items\grin-god-989.html","Individual item page","Individual item page - category unclear","https://www.trampt.com/item/grin-god-ron-english-oil-rQ0tTZPQS6hi-L","www.trampt.com","Open Trampt source record","Internal research only - do not publish unless specifically approved","","","No","","No screenshot recommended for public page unless you specifically decide to document this source.","","","",""
"Needs review","Grin Peko Girl","items\grin-peko-girl-325.html","Individual item page","Individual item page - category unclear","https://www.trampt.com/item/grin-peko-girl-ron-english-giclee-art-print-mYi3di2ehXbIP5","www.trampt.com","Open Trampt source record","Internal research only - do not publish unless specifically approved","","","No","","No screenshot recommended for public page unless you specifically decide to document this source.","","","",""
"Needs review","Grin Polka Tile Painting","items\grin-polka-tile-painting-380.html","Individual item page","Individual item page - category unclear","https://www.trampt.com/item/grin-polka-tile-painting-ron-english-mixed-media-9UTghBuwY0ZsSo","www.trampt.com","Open Trampt source record","Internal research only - do not publish unless specifically approved","","","No","","No screenshot recommended for public page unless you specifically decide to document this source.","","","",""
"Needs review","Grin Reeper","items\grin-reeper-398.html","Individual item page","Individual item page - category unclear","https://www.trampt.com/item/grin-reeper-ron-english-paper-drawing-tGAlFjh8bzpVBg","www.trampt.com","Open Trampt source record","Internal research only - do not publish unless specifically approved","","","No","","No screenshot recommended for public page unless you specifically decide to document this source.","","","",""
"Needs review","Grin Reeper Mini","items\grin-reeper-mini-49.html","Individual item page","Individual item page - category unclear","https://www.trampt.com/item/grin-reeper-mini-ron-english-paper-drawing-4bKBNVYAHu-xr5","www.trampt.com","Open Trampt source record","Internal research only - do not publish unless specifically approved","","","No","","No screenshot recommended for public page unless you specifically decide to document this source.","","","",""
"Needs review","Guernica Trilogy","items\guernica-trilogy-351.html","Individual item page","Individual item page - category unclear","https://www.trampt.com/item/guernica-trilogy-ron-english-mixed-media-rJyAzY2O32Mi4m","www.trampt.com","Open Trampt source record","Internal research only - do not publish unless specifically approved","","","No","","No screenshot recommended for public page unless you specifically decide to document this source.","","","",""
"Needs review","Heart Skull Sketch","items\heart-skull-sketch-247.html","Individual item page","Individual item page - category unclear","https://www.trampt.com/item/heart-skull-sketch-ron-english-ink-5EsZfqKupKFeWY","www.trampt.com","Open Trampt source record","Internal research only - do not publish unless specifically approved","","","No","","No screenshot recommended for public page unless you specifically decide to document this source.","","","",""
"Needs review","Hulkboy Sketch","items\hulkboy-sketch-827.html","Individual item page","Individual item page - category unclear","https://www.trampt.com/item/hulkboy-sketch-ron-english-ink-oleDR-sjcwew4M","www.trampt.com","Open Trampt source record","Internal research only - do not publish unless specifically approved","","","No","","No screenshot recommended for public page unless you specifically decide to document this source.","","","",""
"Needs review","Jasper Johns is on the Money","items\jasper-johns-is-on-the-money-224.html","Individual item page","Individual item page - category unclear","https://www.trampt.com/item/jasper-johns-is-on-the-money-ron-english-paper-ink-watercolor-pen-gzcEAC6yaNjDh1","www.trampt.com","Open Trampt source record","Internal research only - do not publish unless specifically approved","","","No","","No screenshot recommended for public page unless you specifically decide to document this source.","","","",""
"Needs review","Jeremiah Grin","items\jeremiah-grin-718.html","Individual item page","Individual item page - category unclear","https://www.trampt.com/item/jeremiah-grin-ron-english-paper-drawing-6qcy95kEO65QI-","www.trampt.com","Open Trampt source record","Internal research only - do not publish unless specifically approved","","","No","","No screenshot recommended for public page unless you specifically decide to document this source.","","","",""
"Needs review","Jewsus Christ superstar","items\jewsus-christ-superstar-632.html","Individual item page","Individual item page - category unclear","https://www.trampt.com/item/jewsus-christ-superstar-ron-english-oil-8jjj9HBJi2cRUP","www.trampt.com","Open Trampt source record","Internal research only - do not publish unless specifically approved","","","No","","No screenshot recommended for public page unless you specifically decide to document this source.","","","",""
"Needs review","Joe Cancer on Chemo","items\joe-cancer-on-chemo-90.html","Individual item page","Individual item page - category unclear","https://www.trampt.com/item/joe-cancer-on-chemo-ron-english-paper-drawing-hH5eOAUcWE7GFc","www.trampt.com","Open Trampt source record","Internal research only - do not publish unless specifically approved","","","No","","No screenshot recommended for public page unless you specifically decide to document this source.","","","",""
"Needs review","Kaiju Clown (Drawing)","items\kaiju-clown-drawing-43.html","Individual item page","Individual item page - category unclear","https://www.trampt.com/item/kaiju-clown-drawing-ron-english-mixed-media-9Nazuv1dJ3Oizm","www.trampt.com","Open Trampt source record","Internal research only - do not publish unless specifically approved","","","No","","No screenshot recommended for public page unless you specifically decide to document this source.","","","",""
"Needs review","Kiss Teletubbies","items\kiss-teletubbies-1082.html","Individual item page","Individual item page - category unclear","https://www.trampt.com/item/kiss-teletubbies-ron-english-giclee-art-print-nmu-Kc9KYvWArX","www.trampt.com","Open Trampt source record","Internal research only - do not publish unless specifically approved","","","No","","No screenshot recommended for public page unless you specifically decide to document this source.","","","",""
"Needs review","Lady Lips Kaiju (Drawing)","items\lady-lips-kaiju-drawing-359.html","Individual item page","Individual item page - category unclear","https://www.trampt.com/item/lady-lips-kaiju-drawing-ron-english-mixed-media-Gt31u4omznA4lA","www.trampt.com","Open Trampt source record","Internal research only - do not publish unless specifically approved","","","No","","No screenshot recommended for public page unless you specifically decide to document this source.","","","",""
"Needs review","Last Supper in South Park","items\last-supper-in-south-park-30.html","Individual item page","Individual item page - category unclear","https://www.trampt.com/item/last-supper-in-south-park-ron-english-giclee-art-print-gJk3TUT-ZbF0Xi","www.trampt.com","Open Trampt source record","Internal research only - do not publish unless specifically approved","","","No","","No screenshot recommended for public page unless you specifically decide to document this source.","","","",""
"Needs review","Last Supper in South Park","items\last-supper-in-south-park-865.html","Individual item page","Individual item page - category unclear","https://www.trampt.com/item/last-supper-in-south-park-ron-english-oil-OZlEf8_zNykj6E","www.trampt.com","Open Trampt source record","Internal research only - do not publish unless specifically approved","","","No","","No screenshot recommended for public page unless you specifically decide to document this source.","","","",""
"Needs review","Light Cult Crypto Club: Framed Bulb (Purple)","items\light-cult-crypto-club-framed-bulb-purple-784.html","Individual item page","Individual item page - category unclear","https://www.trampt.com/item/light-cult-crypto-club-framed-bulb-purple-ron-english-uv-print-ctJLYZD1FVCxvO","www.trampt.com","Open Trampt source record","Internal research only - do not publish unless specifically approved","","","No","","No screenshot recommended for public page unless you specifically decide to document this source.","","","",""
"Needs review","Lil Bigfoot","items\lil-bigfoot-645.html","Individual item page","Individual item page - category unclear","https://www.trampt.com/item/lil-bigfoot-ron-english-ink-j7ChWasgIJDTmL","www.trampt.com","Open Trampt source record","Internal research only - do not publish unless specifically approved","","","No","","No screenshot recommended for public page unless you specifically decide to document this source.","","","",""
"Needs review","Lil Bigfoot (Drawing)","items\lil-bigfoot-drawing-188.html","Individual item page","Individual item page - category unclear","https://www.trampt.com/item/lil-bigfoot-drawing-ron-english-mixed-media-432uNzn5RqLtFo","www.trampt.com","Open Trampt source record","Internal research only - do not publish unless specifically approved","","","No","","No screenshot recommended for public page unless you specifically decide to document this source.","","","",""
"Needs review","LOVE CLOUD","items\love-cloud-185.html","Individual item page","Individual item page - category unclear","https://www.trampt.com/item/love-cloud-ron-english-oil-M9hE01Sp998i3U","www.trampt.com","Open Trampt source record","Internal research only - do not publish unless specifically approved","","","No","","No screenshot recommended for public page unless you specifically decide to document this source.","","","",""
"Needs review","Lucy Dissect","items\lucy-dissect-470.html","Individual item page","Individual item page - category unclear","https://www.trampt.com/item/lucy-dissect-ron-english-oil-vMalZi84T5bGwz","www.trampt.com","Open Trampt source record","Internal research only - do not publish unless specifically approved","","","No","","No screenshot recommended for public page unless you specifically decide to document this source.","","","",""
"Needs review","Mad Mickey Grin","items\mad-mickey-grin-434.html","Individual item page","Individual item page - category unclear","https://www.trampt.com/item/mad-mickey-grin-ron-english-paper-drawing-Bg1IWkNW0EXr5R","www.trampt.com","Open Trampt source record","Internal research only - do not publish unless specifically approved","","","No","","No screenshot recommended for public page unless you specifically decide to document this source.","","","",""
"Needs review","MC Grin","items\mc-grin-726.html","Individual item page","Individual item page - category unclear","https://www.trampt.com/item/mc-grin-ron-english-paper-drawing-WJ6bzVcFhNKRRk","www.trampt.com","Open Trampt source record","Internal research only - do not publish unless specifically approved","","","No","","No screenshot recommended for public page unless you specifically decide to document this source.","","","",""
"Needs review","MC Snowglobe Eyes (Drawing)","items\mc-snowglobe-eyes-drawing-1024.html","Individual item page","Individual item page - category unclear","https://www.trampt.com/item/mc-snowglobe-eyes-drawing-ron-english-mixed-media-ju0dMYv073mf3O","www.trampt.com","Open Trampt source record","Internal research only - do not publish unless specifically approved","","","No","","No screenshot recommended for public page unless you specifically decide to document this source.","","","",""
"Needs review","Mc Supersized Dissect (Purple Variant)","items\mc-supersized-dissect-purple-variant-884.html","Individual item page","Individual item page - category unclear","https://www.trampt.com/item/mc-supersized-dissect-purple-variant-ron-english-giclee-art-print-jKSbkVzi9EBaaT","www.trampt.com","Open Trampt source record","Internal research only - do not publish unless specifically approved","","","No","","No screenshot recommended for public page unless you specifically decide to document this source.","","","",""
"Needs review","MC Supersized Sketch","items\mc-supersized-sketch-702.html","Individual item page","Individual item page - category unclear","https://www.trampt.com/item/mc-supersized-sketch-ron-english-ink-KSX2i71GHGAZbU","www.trampt.com","Open Trampt source record","Internal research only - do not publish unless specifically approved","","","No","","No screenshot recommended for public page unless you specifically decide to document this source.","","","",""
"Needs review","McTripping","items\mctripping-977.html","Individual item page","Individual item page - category unclear","https://www.trampt.com/item/mctripping-ron-english-giclee-art-print-mj3zQZrXmvEbp6","www.trampt.com","Open Trampt source record","Internal research only - do not publish unless specifically approved","","","No","","No screenshot recommended for public page unless you specifically decide to document this source.","","","",""
"Needs review","Metallica Dots","items\metallica-dots-179.html","Individual item page","Individual item page - category unclear","https://www.trampt.com/item/metallica-dots-ron-english-oil-y5DKhKGG3Bndel","www.trampt.com","Open Trampt source record","Internal research only - do not publish unless specifically approved","","","No","","No screenshot recommended for public page unless you specifically decide to document this source.","","","",""
"Needs review","MONARCH ELEPHANT","items\monarch-elephant-177.html","Individual item page","Individual item page - category unclear","https://www.trampt.com/item/monarch-elephant-ron-english-oil-IE5F70P2jZADi1","www.trampt.com","Open Trampt source record","Internal research only - do not publish unless specifically approved","","","No","","No screenshot recommended for public page unless you specifically decide to document this source.","","","",""
"Needs review","MONARCH ELEPHANT PROFILE","items\monarch-elephant-profile-498.html","Individual item page","Individual item page - category unclear","https://www.trampt.com/item/monarch-elephant-profile-ron-english-oil-tnBRkxLAuhjR8J","www.trampt.com","Open Trampt source record","Internal research only - do not publish unless specifically approved","","","No","","No screenshot recommended for public page unless you specifically decide to document this source.","","","",""
"Needs review","MONARCH SHIP","items\monarch-ship-594.html","Individual item page","Individual item page - category unclear","https://www.trampt.com/item/monarch-ship-ron-english-oil-3dV1H1Ya33qqzq","www.trampt.com","Open Trampt source record","Internal research only - do not publish unless specifically approved","","","No","","No screenshot recommended for public page unless you specifically decide to document this source.","","","",""
"Needs review","Monkey Joseph (Drawing)","items\monkey-joseph-drawing-16.html","Individual item page","Individual item page - category unclear","https://www.trampt.com/item/monkey-joseph-drawing-ron-english-mixed-media-oB6MyKZ-WufucP","www.trampt.com","Open Trampt source record","Internal research only - do not publish unless specifically approved","","","No","","No screenshot recommended for public page unless you specifically decide to document this source.","","","",""
"Needs review","Montana Mouse (Drawing)","items\montana-mouse-drawing-181.html","Individual item page","Individual item page - category unclear","https://www.trampt.com/item/montana-mouse-drawing-ron-english-mixed-media-AZ73TaRIio4Qal","www.trampt.com","Open Trampt source record","Internal research only - do not publish unless specifically approved","","","No","","No screenshot recommended for public page unless you specifically decide to document this source.","","","",""
"Needs review","Mousemask graveyard","items\mousemask-graveyard-538.html","Individual item page","Individual item page - category unclear","https://www.trampt.com/item/mousemask-graveyard-ron-english-oil-y-4xCUauerpu7L","www.trampt.com","Open Trampt source record","Internal research only - do not publish unless specifically approved","","","No","","No screenshot recommended for public page unless you specifically decide to document this source.","","","",""
"Needs review","Mousemask Murphy in Airplane Turnaround Sketches","items\mousemask-murphy-in-airplane-turnaround-sketches-277.html","Individual item page","Individual item page - category unclear","https://www.trampt.com/item/mousemask-murphy-in-airplane-turnaround-sketches-ron-english-ink-ceBcnQsbfc-SLO","www.trampt.com","Open Trampt source record","Internal research only - do not publish unless specifically approved","","","No","","No screenshot recommended for public page unless you specifically decide to document this source.","","","",""
"Needs review","Muslim Mickey","items\muslim-mickey-495.html","Individual item page","Individual item page - category unclear","https://www.trampt.com/item/muslim-mickey-ron-english-lithograph-qye2pBCMfyw7iY","www.trampt.com","Open Trampt source record","Internal research only - do not publish unless specifically approved","","","No","","No screenshot recommended for public page unless you specifically decide to document this source.","","","",""
"Needs review","Obama Hulk","items\obama-hulk-102.html","Individual item page","Individual item page - category unclear","https://www.trampt.com/item/obama-hulk-ron-english-giclee-art-print-2qUkWzfdPD-vvX","www.trampt.com","Open Trampt source record","Internal research only - do not publish unless specifically approved","","","No","","No screenshot recommended for public page unless you specifically decide to document this source.","","","",""
"Needs review","Old Charlie Profile","items\old-charlie-profile-751.html","Individual item page","Individual item page - category unclear","https://www.trampt.com/item/old-charlie-profile-ron-english-paper-drawing-JCbOCajKvPNMrR","www.trampt.com","Open Trampt source record","Internal research only - do not publish unless specifically approved","","","No","","No screenshot recommended for public page unless you specifically decide to document this source.","","","",""
"Needs review","Paws Profile (Drawing)","items\paws-profile-drawing-414.html","Individual item page","Individual item page - category unclear","https://www.trampt.com/item/paws-profile-drawing-ron-english-mixed-media-QahSliLGjWSoxm","www.trampt.com","Open Trampt source record","Internal research only - do not publish unless specifically approved","","","No","","No screenshot recommended for public page unless you specifically decide to document this source.","","","",""
"Needs review","Phat Food","items\phat-food-677.html","Individual item page","Individual item page - category unclear","https://www.trampt.com/item/phat-food-ron-english-giclee-art-print-C5wr-ohQCN7ZrR","www.trampt.com","Open Trampt source record","Internal research only - do not publish unless specifically approved","","","No","","No screenshot recommended for public page unless you specifically decide to document this source.","","","",""
"Needs review","Pinocchio Grin Profile","items\pinocchio-grin-profile-644.html","Individual item page","Individual item page - category unclear","https://www.trampt.com/item/pinocchio-grin-profile-ron-english-paper-drawing-MHHBG-DXioR5_q","www.trampt.com","Open Trampt source record","Internal research only - do not publish unless specifically approved","","","No","","No screenshot recommended for public page unless you specifically decide to document this source.","","","",""
"Needs review","Plaid Tile Dead Toy Soldier Painting (Blue)","items\plaid-tile-dead-toy-soldier-painting-blue-472.html","Individual item page","Individual item page - category unclear","https://www.trampt.com/item/plaid-tile-dead-toy-soldier-painting-blue-ron-english-mixed-media-u1QvdTAV8dSk9F","www.trampt.com","Open Trampt source record","Internal research only - do not publish unless specifically approved","","","No","","No screenshot recommended for public page unless you specifically decide to document this source.","","","",""
"Needs review","Plaid Tile Dead Toy Soldier Painting (Green)","items\plaid-tile-dead-toy-soldier-painting-green-491.html","Individual item page","Individual item page - category unclear","https://www.trampt.com/item/plaid-tile-dead-toy-soldier-painting-green-ron-english-mixed-media-pVw2I6yHDwZEpj","www.trampt.com","Open Trampt source record","Internal research only - do not publish unless specifically approved","","","No","","No screenshot recommended for public page unless you specifically decide to document this source.","","","",""
"Needs review","Plaid Tile Dead Toy Soldier Painting (Purple)","items\plaid-tile-dead-toy-soldier-painting-purple-1061.html","Individual item page","Individual item page - category unclear","https://www.trampt.com/item/plaid-tile-dead-toy-soldier-painting-purple-ron-english-mixed-media-qcSrzVoqKH6j6R","www.trampt.com","Open Trampt source record","Internal research only - do not publish unless specifically approved","","","No","","No screenshot recommended for public page unless you specifically decide to document this source.","","","",""
"Needs review","Plaid Tile Dead Toy Soldier Painting (Red)","items\plaid-tile-dead-toy-soldier-painting-red-1074.html","Individual item page","Individual item page - category unclear","https://www.trampt.com/item/plaid-tile-dead-toy-soldier-painting-red-ron-english-mixed-media-5JrUBiJcMv1-bX","www.trampt.com","Open Trampt source record","Internal research only - do not publish unless specifically approved","","","No","","No screenshot recommended for public page unless you specifically decide to document this source.","","","",""
"Needs review","Pop Marilyn Mickeys","items\pop-marilyn-mickeys-394.html","Individual item page","Individual item page - category unclear","https://www.trampt.com/item/pop-marilyn-mickeys-ron-english-giclee-art-print-zH4Dgf25bsJwe6","www.trampt.com","Open Trampt source record","Internal research only - do not publish unless specifically approved","","","No","","No screenshot recommended for public page unless you specifically decide to document this source.","","","",""
"Needs review","Potato Rabbbit in Delusionville","items\potato-rabbbit-in-delusionville-664.html","Individual item page","Individual item page - category unclear","https://www.trampt.com/item/potato-rabbbit-in-delusionville-ron-english-paper-drawing-EswlZZLshLmRj0","www.trampt.com","Open Trampt source record","Internal research only - do not publish unless specifically approved","","","No","","No screenshot recommended for public page unless you specifically decide to document this source.","","","",""
"Needs review","POULTRY REX REVOLUTION","items\poultry-rex-revolution-45.html","Individual item page","Individual item page - category unclear","https://www.trampt.com/item/poultry-rex-revolution-ron-english-oil-ergypT3SNwqet_","www.trampt.com","Open Trampt source record","Internal research only - do not publish unless specifically approved","","","No","","No screenshot recommended for public page unless you specifically decide to document this source.","","","",""
"Needs review","Primus - New York, NY 2012","items\primus-new-york-ny-2012-816.html","Individual item page","Individual item page - category unclear","https://www.trampt.com/item/primus-new-york-ny-2012-ron-english-screenprint-Qs753CpXefZUsk","www.trampt.com","Open Trampt source record","Internal research only - do not publish unless specifically approved","","","No","","No screenshot recommended for public page unless you specifically decide to document this source.","","","",""
"Needs review","Purple Dinosaurus","items\purple-dinosaurus-71.html","Individual item page","Individual item page - category unclear","https://www.trampt.com/item/purple-dinosaurus-ron-english-oil-hwoygIYDfH-VD-","www.trampt.com","Open Trampt source record","Internal research only - do not publish unless specifically approved","","","No","","No screenshot recommended for public page unless you specifically decide to document this source.","","","",""
"Needs review","R2-D2 STAR WARS Grin","items\r2-d2-star-wars-grin-605.html","Individual item page","Individual item page - category unclear","https://www.trampt.com/item/r2-d2-star-wars-grin-ron-english-screenprint-qjny2J39eCsrbF","www.trampt.com","Open Trampt source record","Internal research only - do not publish unless specifically approved","","","No","","No screenshot recommended for public page unless you specifically decide to document this source.","","","",""
"Needs review","Rabbbit House","items\rabbbit-house-319.html","Individual item page","Individual item page - category unclear","https://www.trampt.com/item/rabbbit-house-ron-english-giclee-art-print-u3d-BreEWDjk2C","www.trampt.com","Open Trampt source record","Internal research only - do not publish unless specifically approved","","","No","","No screenshot recommended for public page unless you specifically decide to document this source.","","","",""
"Needs review","Rabbit Flower (Drawing)","items\rabbit-flower-drawing-163.html","Individual item page","Individual item page - category unclear","https://www.trampt.com/item/rabbit-flower-drawing-ron-english-mixed-media-rM1eis0KaHF-v4","www.trampt.com","Open Trampt source record","Internal research only - do not publish unless specifically approved","","","No","","No screenshot recommended for public page unless you specifically decide to document this source.","","","",""
"Needs review","Rabbit Of Inle","items\rabbit-of-inle-733.html","Individual item page","Individual item page - category unclear","https://www.trampt.com/item/rabbit-of-inle-ron-english-mixed-media-zHwyyZ_uzyEUxf","www.trampt.com","Open Trampt source record","Internal research only - do not publish unless specifically approved","","","No","","No screenshot recommended for public page unless you specifically decide to document this source.","","","",""
"Needs review","Rainbow Figment","items\rainbow-figment-490.html","Individual item page","Individual item page - category unclear","https://www.trampt.com/item/rainbow-figment-ron-english-giclee-art-print-IvKbHXNruz_n9c","www.trampt.com","Open Trampt source record","Internal research only - do not publish unless specifically approved","","","No","","No screenshot recommended for public page unless you specifically decide to document this source.","","","",""
"Needs review","RAINBOW GIRAFFE","items\rainbow-giraffe-565.html","Individual item page","Individual item page - category unclear","https://www.trampt.com/item/rainbow-giraffe-ron-english-oil-yRAPs3PLD35kxw","www.trampt.com","Open Trampt source record","Internal research only - do not publish unless specifically approved","","","No","","No screenshot recommended for public page unless you specifically decide to document this source.","","","",""
"Needs review","RHINOCORN","items\rhinocorn-824.html","Individual item page","Individual item page - category unclear","https://www.trampt.com/item/rhinocorn-ron-english-oil-S0WA6oUezFGnt5","www.trampt.com","Open Trampt source record","Internal research only - do not publish unless specifically approved","","","No","","No screenshot recommended for public page unless you specifically decide to document this source.","","","",""
"Needs review","Rick and Morty Grin","items\rick-and-morty-grin-819.html","Individual item page","Individual item page - category unclear","https://www.trampt.com/item/rick-and-morty-grin-ron-english-giclee-art-print-h7BdQ20wVLyI9y","www.trampt.com","Open Trampt source record","Internal research only - do not publish unless specifically approved","","","No","","No screenshot recommended for public page unless you specifically decide to document this source.","","","",""
"Needs review","Ron English #1","items\ron-english-1-938.html","Individual item page","Individual item page - category unclear","https://www.trampt.com/item/ron-english-1-ron-english-mixed-media-dzJ1-zWlVhkyxL","www.trampt.com","Open Trampt source record","Internal research only - do not publish unless specifically approved","","","No","","No screenshot recommended for public page unless you specifically decide to document this source.","","","",""
"Needs review","Ron English #2","items\ron-english-2-1005.html","Individual item page","Individual item page - category unclear","https://www.trampt.com/item/ron-english-2-ron-english-mixed-media-cdZ9Y9Z6UI8YM_","www.trampt.com","Open Trampt source record","Internal research only - do not publish unless specifically approved","","","No","","No screenshot recommended for public page unless you specifically decide to document this source.","","","",""
"Needs review","Ron English #3","items\ron-english-3-839.html","Individual item page","Individual item page - category unclear","https://www.trampt.com/item/ron-english-3-ron-english-mixed-media-86CV3iZeJba4Zj","www.trampt.com","Open Trampt source record","Internal research only - do not publish unless specifically approved","","","No","","No screenshot recommended for public page unless you specifically decide to document this source.","","","",""
"Needs review","Santa Flower (Drawing)","items\santa-flower-drawing-537.html","Individual item page","Individual item page - category unclear","https://www.trampt.com/item/santa-flower-drawing-ron-english-mixed-media-Fr0SoENFy5HUwe","www.trampt.com","Open Trampt source record","Internal research only - do not publish unless specifically approved","","","No","","No screenshot recommended for public page unless you specifically decide to document this source.","","","",""
"Needs review","Slo Moe Evolution (Drawing)","items\slo-moe-evolution-drawing-890.html","Individual item page","Individual item page - category unclear","https://www.trampt.com/item/slo-moe-evolution-drawing-ron-english-mixed-media-zytFEQ7fTO_mqM","www.trampt.com","Open Trampt source record","Internal research only - do not publish unless specifically approved","","","No","","No screenshot recommended for public page unless you specifically decide to document this source.","","","",""
"Needs review","Son of Electric Illuminati","items\son-of-electric-illuminati-510.html","Individual item page","Individual item page - category unclear","https://www.trampt.com/item/son-of-electric-illuminati-ron-english-screenprint-9SG8TUHS-6a1dH","www.trampt.com","Open Trampt source record","Internal research only - do not publish unless specifically approved","","","No","","No screenshot recommended for public page unless you specifically decide to document this source.","","","",""
"Needs review","SOUTH AMERICAN BUTTERFLY","items\south-american-butterfly-116.html","Individual item page","Individual item page - category unclear","https://www.trampt.com/item/south-american-butterfly-ron-english-oil-vG9PLc8eIOOoxM","www.trampt.com","Open Trampt source record","Internal research only - do not publish unless specifically approved","","","No","","No screenshot recommended for public page unless you specifically decide to document this source.","","","",""
"Needs review","Star Skull (Nine)","items\star-skull-nine-714.html","Individual item page","Individual item page - category unclear","https://www.trampt.com/item/star-skull-nine-ron-english-giclee-art-print-RRcKy-pSm6V6BJ","www.trampt.com","Open Trampt source record","Internal research only - do not publish unless specifically approved","","","No","","No screenshot recommended for public page unless you specifically decide to document this source.","","","",""
"Needs review","Starskull DJ","items\starskull-dj-1046.html","Individual item page","Individual item page - category unclear","https://www.trampt.com/item/starskull-dj-ron-english-bua-giclee-art-print-twsnhaxfF4Aetw","www.trampt.com","Open Trampt source record","Internal research only - do not publish unless specifically approved","","","No","","No screenshot recommended for public page unless you specifically decide to document this source.","","","",""
"Needs review","Starskull Flower","items\starskull-flower-87.html","Individual item page","Individual item page - category unclear","https://www.trampt.com/item/starskull-flower-ron-english-ink-A-HUVtPlEs7KaV","www.trampt.com","Open Trampt source record","Internal research only - do not publish unless specifically approved","","","No","","No screenshot recommended for public page unless you specifically decide to document this source.","","","",""
"Needs review","Status Faction","items\status-faction-347.html","Individual item page","Individual item page - category unclear","https://www.trampt.com/item/status-faction-ron-english-giclee-art-print-FYkWfBHVXbjgLm","www.trampt.com","Open Trampt source record","Internal research only - do not publish unless specifically approved","","","No","","No screenshot recommended for public page unless you specifically decide to document this source.","","","",""
"Needs review","Status Faction","items\status-faction-732.html","Individual item page","Individual item page - category unclear","https://www.trampt.com/item/status-faction-ron-english-giclee-art-print-S1Ma5MCvJwTTht","www.trampt.com","Open Trampt source record","Internal research only - do not publish unless specifically approved","","","No","","No screenshot recommended for public page unless you specifically decide to document this source.","","","",""
"Needs review","Stormtrooper Grin","items\stormtrooper-grin-1084.html","Individual item page","Individual item page - category unclear","https://www.trampt.com/item/stormtrooper-grin-ron-english-giclee-art-print-5BnBdLltmkYRLf","www.trampt.com","Open Trampt source record","Internal research only - do not publish unless specifically approved","","","No","","No screenshot recommended for public page unless you specifically decide to document this source.","","","",""
"Needs review","Super Boy","items\super-boy-877.html","Individual item page","Individual item page - category unclear","https://www.trampt.com/item/super-boy-ron-english-giclee-art-print-N6huH4Md6tGnxV","www.trampt.com","Open Trampt source record","Internal research only - do not publish unless specifically approved","","","No","","No screenshot recommended for public page unless you specifically decide to document this source.","","","",""
"Needs review","Superman (Badly Drawn)","items\superman-badly-drawn-883.html","Individual item page","Individual item page - category unclear","https://www.trampt.com/item/superman-badly-drawn-ron-english-ink-qKKv-eeWqa6PVc","www.trampt.com","Open Trampt source record","Internal research only - do not publish unless specifically approved","","","No","","No screenshot recommended for public page unless you specifically decide to document this source.","","","",""
"Needs review","Techno Kitty Character Sketches","items\techno-kitty-character-sketches-245.html","Individual item page","Individual item page - category unclear","https://www.trampt.com/item/techno-kitty-character-sketches-ron-english-ink-q_Nrwp-GA081Gw","www.trampt.com","Open Trampt source record","Internal research only - do not publish unless specifically approved","","","No","","No screenshot recommended for public page unless you specifically decide to document this source.","","","",""
"Needs review","Teddy Bear Grin (Drawing)","items\teddy-bear-grin-drawing-695.html","Individual item page","Individual item page - category unclear","https://www.trampt.com/item/teddy-bear-grin-drawing-ron-english-mixed-media-Tq751VOUnlkFPn","www.trampt.com","Open Trampt source record","Internal research only - do not publish unless specifically approved","","","No","","No screenshot recommended for public page unless you specifically decide to document this source.","","","",""
"Needs review","TEMPER PAC","items\temper-pac-910.html","Individual item page","Individual item page - category unclear","https://www.trampt.com/item/temper-pac-ron-english-giclee-art-print-B_i9rRqn73m97e","www.trampt.com","Open Trampt source record","Internal research only - do not publish unless specifically approved","","","No","","No screenshot recommended for public page unless you specifically decide to document this source.","","","",""
"Needs review","Temper Tot (Drawing)","items\temper-tot-drawing-792.html","Individual item page","Individual item page - category unclear","https://www.trampt.com/item/temper-tot-drawing-ron-english-mixed-media-W7DmmYmREPXwIW","www.trampt.com","Open Trampt source record","Internal research only - do not publish unless specifically approved","","","No","","No screenshot recommended for public page unless you specifically decide to document this source.","","","",""
"Needs review","Texas Cartoon Cowgirl","items\texas-cartoon-cowgirl-253.html","Individual item page","Individual item page - category unclear","https://www.trampt.com/item/texas-cartoon-cowgirl-ron-english-mixed-media-_lxi2mZSd1aVd5","www.trampt.com","Open Trampt source record","Internal research only - do not publish unless specifically approved","","","No","","No screenshot recommended for public page unless you specifically decide to document this source.","","","",""
"Needs review","The artist's house","items\the-artist-s-house-234.html","Individual item page","Individual item page - category unclear","https://www.trampt.com/item/the-artists-house-ron-english-oil-k0MOvJq-FSQc2_","www.trampt.com","Open Trampt source record","Internal research only - do not publish unless specifically approved","","","No","","No screenshot recommended for public page unless you specifically decide to document this source.","","","",""
"Needs review","THE CHASE: TEMPER TOT DINOGRENADE (LIMITED EDITION OF 30)","items\the-chase-temper-tot-dinogrenade-limited-edition-of-30-94.html","Individual item page","Individual item page - category unclear","https://www.trampt.com/item/the-chase-temper-tot-dinogrenade-limited-edition-of-30-ron-english-oil-BFO0uD383Vpxvo","www.trampt.com","Open Trampt source record","Internal research only - do not publish unless specifically approved","","","No","","No screenshot recommended for public page unless you specifically decide to document this source.","","","",""
"Needs review","THE CREATION OF APE","items\the-creation-of-ape-368.html","Individual item page","Individual item page - category unclear","https://www.trampt.com/item/the-creation-of-ape-ron-english-oil-gAsUoGIXRB1NbL","www.trampt.com","Open Trampt source record","Internal research only - do not publish unless specifically approved","","","No","","No screenshot recommended for public page unless you specifically decide to document this source.","","","",""
"Needs review","The Electric Ghosts (Daniel Johnston & Jack Medicine)","items\the-electric-ghosts-daniel-johnston-jack-medicine-513.html","Individual item page","Individual item page - category unclear","https://www.trampt.com/item/the-electric-ghosts-daniel-johnston-and-jack-medicine-ron-english-giclee-art-print-9XwvtPZt2PMu10","www.trampt.com","Open Trampt source record","Internal research only - do not publish unless specifically approved","","","No","","No screenshot recommended for public page unless you specifically decide to document this source.","","","",""
"Needs review","The fourth wall","items\the-fourth-wall-810.html","Individual item page","Individual item page - category unclear","https://www.trampt.com/item/the-fourth-wall-ron-english-oil-rryAskGQXWZTqM","www.trampt.com","Open Trampt source record","Internal research only - do not publish unless specifically approved","","","No","","No screenshot recommended for public page unless you specifically decide to document this source.","","","",""
"Needs review","THE GREATEST STORY EVER SOLD","items\the-greatest-story-ever-sold-966.html","Individual item page","Individual item page - category unclear","https://www.trampt.com/item/the-greatest-story-ever-sold-ron-english-mixed-media-yEepmc26RN2owm","www.trampt.com","Open Trampt source record","Internal research only - do not publish unless specifically approved","","","No","","No screenshot recommended for public page unless you specifically decide to document this source.","","","",""
"Needs review","The poor","items\the-poor-55.html","Individual item page","Individual item page - category unclear","https://www.trampt.com/item/the-poor-ron-english-giclee-art-print-2IcKyHLrHwQTuJ","www.trampt.com","Open Trampt source record","Internal research only - do not publish unless specifically approved","","","No","","No screenshot recommended for public page unless you specifically decide to document this source.","","","",""
"Needs review","The Ugliest Man in the Universe (Drawing)","items\the-ugliest-man-in-the-universe-drawing-176.html","Individual item page","Individual item page - category unclear","https://www.trampt.com/item/the-ugliest-man-in-the-universe-drawing-ron-english-mixed-media-VUEvVNkulrc2KC","www.trampt.com","Open Trampt source record","Internal research only - do not publish unless specifically approved","","","No","","No screenshot recommended for public page unless you specifically decide to document this source.","","","",""
"Needs review","There goes the neighborhood","items\there-goes-the-neighborhood-1034.html","Individual item page","Individual item page - category unclear","https://www.trampt.com/item/there-goes-the-neighborhood-ron-english-oil-9V6gPgbjxTnHwa","www.trampt.com","Open Trampt source record","Internal research only - do not publish unless specifically approved","","","No","","No screenshot recommended for public page unless you specifically decide to document this source.","","","",""
"Needs review","Tricky","items\tricky-352.html","Individual item page","Individual item page - category unclear","https://www.trampt.com/item/tricky-ron-english-ink-U-KJZUK6jl4Cu9","www.trampt.com","Open Trampt source record","Internal research only - do not publish unless specifically approved","","","No","","No screenshot recommended for public page unless you specifically decide to document this source.","","","",""
"Needs review","Tupac Temper Tot","items\tupac-temper-tot-1018.html","Individual item page","Individual item page - category unclear","https://www.trampt.com/item/tupac-temper-tot-ron-english-ink-LHIv0fGTeVm8m_","www.trampt.com","Open Trampt source record","Internal research only - do not publish unless specifically approved","","","No","","No screenshot recommended for public page unless you specifically decide to document this source.","","","",""
"Needs review","Turtle & hare hotrod","items\turtle-hare-hotrod-724.html","Individual item page","Individual item page - category unclear","https://www.trampt.com/item/turtle-and-hare-hotrod-ron-english-oil-oqFtizHPL6Ra_B","www.trampt.com","Open Trampt source record","Internal research only - do not publish unless specifically approved","","","No","","No screenshot recommended for public page unless you specifically decide to document this source.","","","",""
"Needs review","Tyrannosaurus Dick","items\tyrannosaurus-dick-74.html","Individual item page","Individual item page - category unclear","https://www.trampt.com/item/tyrannosaurus-dick-ron-english-paper-drawing-gc7jbaBF42ecsa","www.trampt.com","Open Trampt source record","Internal research only - do not publish unless specifically approved","","","No","","No screenshot recommended for public page unless you specifically decide to document this source.","","","",""
"Needs review","Uncle Scam (Drawing)","items\uncle-scam-drawing-1075.html","Individual item page","Individual item page - category unclear","https://www.trampt.com/item/uncle-scam-drawing-ron-english-mixed-media-rlX87L1dIxy0h3","www.trampt.com","Open Trampt source record","Internal research only - do not publish unless specifically approved","","","No","","No screenshot recommended for public page unless you specifically decide to document this source.","","","",""
"Needs review","UNION JACK TIGER","items\union-jack-tiger-973.html","Individual item page","Individual item page - category unclear","https://www.trampt.com/item/union-jack-tiger-ron-english-oil--cFftosX5in5RE","www.trampt.com","Open Trampt source record","Internal research only - do not publish unless specifically approved","","","No","","No screenshot recommended for public page unless you specifically decide to document this source.","","","",""
"Needs review","Virgin Romance","items\virgin-romance-614.html","Individual item page","Individual item page - category unclear","https://www.trampt.com/item/virgin-romance-ron-english-giclee-art-print--_Z77WN9oGCql5","www.trampt.com","Open Trampt source record","Internal research only - do not publish unless specifically approved","","","No","","No screenshot recommended for public page unless you specifically decide to document this source.","","","",""
"Needs review","Weed Seed (Drawing)","items\weed-seed-drawing-1063.html","Individual item page","Individual item page - category unclear","https://www.trampt.com/item/weed-seed-drawing-ron-english-mixed-media-WrL62N_khybOic","www.trampt.com","Open Trampt source record","Internal research only - do not publish unless specifically approved","","","No","","No screenshot recommended for public page unless you specifically decide to document this source.","","","",""
"Needs review","Werewool","items\werewool-276.html","Individual item page","Individual item page - category unclear","https://www.trampt.com/item/werewool-ron-english-oil-cRzQ8DBj7KP1av","www.trampt.com","Open Trampt source record","Internal research only - do not publish unless specifically approved","","","No","","No screenshot recommended for public page unless you specifically decide to document this source.","","","",""
"Needs review","Young Andy","items\young-andy-995.html","Individual item page","Individual item page - category unclear","https://www.trampt.com/item/young-andy-ron-english-paper-drawing-dswqtic8kw5RNi","www.trampt.com","Open Trampt source record","Internal research only - do not publish unless specifically approved","","","No","","No screenshot recommended for public page unless you specifically decide to document this source.","","","",""
"Needs review","Young MC","items\young-mc-532.html","Individual item page","Individual item page - category unclear","https://www.trampt.com/item/young-mc-ron-english-lithograph-5ot4h_SE4v8XOk","www.trampt.com","Open Trampt source record","Internal research only - do not publish unless specifically approved","","","No","","No screenshot recommended for public page unless you specifically decide to document this source.","","","",""
"Needs review","Yucky Children Charmer","items\yucky-children-charmer-998.html","Individual item page","Individual item page - category unclear","https://www.trampt.com/item/yucky-children-charmer-ron-english-ink-7PHJ2nmFrX7lQf","www.trampt.com","Open Trampt source record","Internal research only - do not publish unless specifically approved","","","No","","No screenshot recommended for public page unless you specifically decide to document this source.","","","",""
"Needs review","Zarkana - Ron English","items\zarkana-ron-english-698.html","Individual item page","Individual item page - category unclear","https://www.trampt.com/item/zarkana-ron-english-ron-english-screenprint-LM86lawnU4NiYT","www.trampt.com","Open Trampt source record","Internal research only - do not publish unless specifically approved","","","No","","No screenshot recommended for public page unless you specifically decide to document this source.","","","",""
"Needs review","ZELEPHANT","items\zelephant-412.html","Individual item page","Individual item page - category unclear","https://www.trampt.com/item/zelephant-ron-english-oil-qrQKIs_s2GE95r","www.trampt.com","Open Trampt source record","Internal research only - do not publish unless specifically approved","","","No","","No screenshot recommended for public page unless you specifically decide to document this source.","","","",""
"Needs review","Zephyr Zelephant","items\zephyr-zelephant-267.html","Individual item page","Individual item page - category unclear","https://www.trampt.com/item/zephyr-zelephant-ron-english-paper-drawing-dKMN-nmY2c4Y2P","www.trampt.com","Open Trampt source record","Internal research only - do not publish unless specifically approved","","","No","","No screenshot recommended for public page unless you specifically decide to document this source.","","","",""
