"Number","Title","CurrentImage","CandidateImage","Score","MatchedTokens","MissingVariantTokens","Path"
"1","Atomic Orange Charlie Grin (+NFT)","48 Atomic Orange Charlie Grin (+NFT) - DESIGNER TOY.jpeg","48 Atomic Orange Charlie Grin (+NFT) - DESIGNER TOY.jpeg","47","atomic orange charlie grin nft","","images/Trampt/48 Atomic Orange Charlie Grin (+NFT) - DESIGNER TOY.jpeg"
"1","Atomic Orange Charlie Grin (+NFT)","48 Atomic Orange Charlie Grin (+NFT) - DESIGNER TOY.jpeg","Charlie Grin Orange - DESIGNER TOY.jpeg","6","orange charlie grin","atomic","images/Trampt/Charlie Grin Orange - DESIGNER TOY.jpeg"
"1","Atomic Orange Charlie Grin (+NFT)","48 Atomic Orange Charlie Grin (+NFT) - DESIGNER TOY.jpeg","Unpainted Orange Deadmau5 Grin - DESIGNER TOY.jpeg","2","orange grin","atomic","images/Trampt/Unpainted Orange Deadmau5 Grin - DESIGNER TOY.jpeg"
"2","Black Charlie Grin","48 Black Charlie Grin - DESIGNER TOY.jpeg","48 Black Charlie Grin - DESIGNER TOY.jpeg","31","black charlie grin","","images/Trampt/48 Black Charlie Grin - DESIGNER TOY.jpeg"
"2","Black Charlie Grin","48 Black Charlie Grin - DESIGNER TOY.jpeg","Darth Black Police Grin (Bone Grin) - DESIGNER TOY.jpeg","17","black grin","","images/Trampt/Darth Black Police Grin (Bone Grin) - DESIGNER TOY.jpeg"
"2","Black Charlie Grin","48 Black Charlie Grin - DESIGNER TOY.jpeg","Dark Star Black Grin - DESIGNER TOY.jpeg","17","black grin","","images/Trampt/Dark Star Black Grin - DESIGNER TOY.jpeg"
"2","Black Charlie Grin","48 Black Charlie Grin - DESIGNER TOY.jpeg","Black Shocking Sunflower (Bone Grin) - DESIGNER TOY.jpeg","17","black grin","","images/Trampt/Black Shocking Sunflower (Bone Grin) - DESIGNER TOY.jpeg"
"2","Black Charlie Grin","48 Black Charlie Grin - DESIGNER TOY.jpeg","Panda Grin Black Glitter - DESIGNER TOY-3.jpeg","17","black grin","","images/Trampt/Panda Grin Black Glitter - DESIGNER TOY-3.jpeg"
"2","Black Charlie Grin","48 Black Charlie Grin - DESIGNER TOY.jpeg","Popeye Grin Black (Hong Kong Toy Festival '17) - DESIGNER TOY.jpeg","17","black grin","","images/Trampt/Popeye Grin Black (Hong Kong Toy Festival '17) - DESIGNER TOY.jpeg"
"2","Black Charlie Grin","48 Black Charlie Grin - DESIGNER TOY.jpeg","Fire Lady Liberty Grin (Black Light) - DESIGNER TOY.jpeg","17","black grin","","images/Trampt/Fire Lady Liberty Grin (Black Light) - DESIGNER TOY.jpeg"
"2","Black Charlie Grin","48 Black Charlie Grin - DESIGNER TOY.jpeg","Panda Grin Black - DESIGNER TOY.jpeg","17","black grin","","images/Trampt/Panda Grin Black - DESIGNER TOY.jpeg"
"3","Electric Strawberry Charlie Grin (+NFT)","48 Electric Strawberry Charlie Grin (+NFT) - DESIGNER TOY.jpeg","48 Electric Strawberry Charlie Grin (+NFT) - DESIGNER TOY.jpeg","31","electric strawberry charlie grin nft","","images/Trampt/48 Electric Strawberry Charlie Grin (+NFT) - DESIGNER TOY.jpeg"
"3","Electric Strawberry Charlie Grin (+NFT)","48 Electric Strawberry Charlie Grin (+NFT) - DESIGNER TOY.jpeg","Electric Strawberry Charlie Grin Sunflower (+NFT) - DESIGNER TOY.jpeg","21","electric strawberry charlie grin nft","","images/Trampt/Electric Strawberry Charlie Grin Sunflower (+NFT) - DESIGNER TOY.jpeg"
"3","Electric Strawberry Charlie Grin (+NFT)","48 Electric Strawberry Charlie Grin (+NFT) - DESIGNER TOY.jpeg","48 Lightning Zest Charlie Grin (+NFT) - DESIGNER TOY.jpeg","13","charlie grin nft","","images/Trampt/48 Lightning Zest Charlie Grin (+NFT) - DESIGNER TOY.jpeg"
"3","Electric Strawberry Charlie Grin (+NFT)","48 Electric Strawberry Charlie Grin (+NFT) - DESIGNER TOY.jpeg","Lightning Zest Charlie Grin Sunflower (+NFT) - DESIGNER TOY.jpeg","13","charlie grin nft","","images/Trampt/Lightning Zest Charlie Grin Sunflower (+NFT) - DESIGNER TOY.jpeg"
"3","Electric Strawberry Charlie Grin (+NFT)","48 Electric Strawberry Charlie Grin (+NFT) - DESIGNER TOY.jpeg","48 Atomic Orange Charlie Grin (+NFT) - DESIGNER TOY.jpeg","13","charlie grin nft","","images/Trampt/48 Atomic Orange Charlie Grin (+NFT) - DESIGNER TOY.jpeg"
"3","Electric Strawberry Charlie Grin (+NFT)","48 Electric Strawberry Charlie Grin (+NFT) - DESIGNER TOY.jpeg","Charlie Grin - Blue - DESIGNER TOY.jpeg","9","charlie grin","","images/Trampt/Charlie Grin - Blue - DESIGNER TOY.jpeg"
"3","Electric Strawberry Charlie Grin (+NFT)","48 Electric Strawberry Charlie Grin (+NFT) - DESIGNER TOY.jpeg","48 Yellow Charlie Grin - DESIGNER TOY.jpeg","9","charlie grin","","images/Trampt/48 Yellow Charlie Grin - DESIGNER TOY.jpeg"
"3","Electric Strawberry Charlie Grin (+NFT)","48 Electric Strawberry Charlie Grin (+NFT) - DESIGNER TOY.jpeg","48 Black Charlie Grin - DESIGNER TOY.jpeg","9","charlie grin","","images/Trampt/48 Black Charlie Grin - DESIGNER TOY.jpeg"
"4","Telegrinnie - Green","48 Green Telegrinnie - DESIGNER TOY.jpeg","48 Green Telegrinnie - DESIGNER TOY.jpeg","17","telegrinnie green","","images/Trampt/48 Green Telegrinnie - DESIGNER TOY.jpeg"
"4","Telegrinnie - Green","48 Green Telegrinnie - DESIGNER TOY.jpeg","Figment Bust - Green - DESIGNER TOY.jpeg","13","green","","images/Trampt/Figment Bust - Green - DESIGNER TOY.jpeg"
"4","Telegrinnie - Green","48 Green Telegrinnie - DESIGNER TOY.jpeg","Dinogrenade - Green - DESIGNER TOY.jpeg","13","green","","images/Trampt/Dinogrenade - Green - DESIGNER TOY.jpeg"
"4","Telegrinnie - Green","48 Green Telegrinnie - DESIGNER TOY.jpeg","Abraham Obama - Green - DESIGNER TOY.jpeg","13","green","","images/Trampt/Abraham Obama - Green - DESIGNER TOY.jpeg"
"4","Telegrinnie - Green","48 Green Telegrinnie - DESIGNER TOY.jpeg","Green Glitter Mc Supersized Grin - DESIGNER TOY.jpeg","13","green","","images/Trampt/Green Glitter Mc Supersized Grin - DESIGNER TOY.jpeg"
"4","Telegrinnie - Green","48 Green Telegrinnie - DESIGNER TOY.jpeg","Green LITTLE BIGFOOT - Custom Toy - Trampt item 213.jpg","13","green","","images/Trampt/Green LITTLE BIGFOOT - Custom Toy - Trampt item 213.jpg"
"4","Telegrinnie - Green","48 Green Telegrinnie - DESIGNER TOY.jpeg","Green Blacklight Magic Green Mad Happy Monk Grin - DESIGNER TOY.jpeg","13","green","","images/Trampt/Green Blacklight Magic Green Mad Happy Monk Grin - DESIGNER TOY.jpeg"
"4","Telegrinnie - Green","48 Green Telegrinnie - DESIGNER TOY.jpeg","Green Fever Poultry Rex - DESIGNER TOY.jpeg","13","green","","images/Trampt/Green Fever Poultry Rex - DESIGNER TOY.jpeg"
"5","Lightning Zest Charlie Grin (+NFT)","48 Lightning Zest Charlie Grin (+NFT) - DESIGNER TOY.jpeg","48 Lightning Zest Charlie Grin (+NFT) - DESIGNER TOY.jpeg","31","lightning zest charlie grin nft","","images/Trampt/48 Lightning Zest Charlie Grin (+NFT) - DESIGNER TOY.jpeg"
"5","Lightning Zest Charlie Grin (+NFT)","48 Lightning Zest Charlie Grin (+NFT) - DESIGNER TOY.jpeg","Lightning Zest Charlie Grin Sunflower (+NFT) - DESIGNER TOY.jpeg","21","lightning zest charlie grin nft","","images/Trampt/Lightning Zest Charlie Grin Sunflower (+NFT) - DESIGNER TOY.jpeg"
"5","Lightning Zest Charlie Grin (+NFT)","48 Lightning Zest Charlie Grin (+NFT) - DESIGNER TOY.jpeg","48 Electric Strawberry Charlie Grin (+NFT) - DESIGNER TOY.jpeg","13","charlie grin nft","","images/Trampt/48 Electric Strawberry Charlie Grin (+NFT) - DESIGNER TOY.jpeg"
"5","Lightning Zest Charlie Grin (+NFT)","48 Lightning Zest Charlie Grin (+NFT) - DESIGNER TOY.jpeg","48 Atomic Orange Charlie Grin (+NFT) - DESIGNER TOY.jpeg","13","charlie grin nft","","images/Trampt/48 Atomic Orange Charlie Grin (+NFT) - DESIGNER TOY.jpeg"
"5","Lightning Zest Charlie Grin (+NFT)","48 Lightning Zest Charlie Grin (+NFT) - DESIGNER TOY.jpeg","Electric Strawberry Charlie Grin Sunflower (+NFT) - DESIGNER TOY.jpeg","13","charlie grin nft","","images/Trampt/Electric Strawberry Charlie Grin Sunflower (+NFT) - DESIGNER TOY.jpeg"
"5","Lightning Zest Charlie Grin (+NFT)","48 Lightning Zest Charlie Grin (+NFT) - DESIGNER TOY.jpeg","Charlie Grin - Blue - DESIGNER TOY.jpeg","9","charlie grin","","images/Trampt/Charlie Grin - Blue - DESIGNER TOY.jpeg"
"5","Lightning Zest Charlie Grin (+NFT)","48 Lightning Zest Charlie Grin (+NFT) - DESIGNER TOY.jpeg","48 Yellow Charlie Grin - DESIGNER TOY.jpeg","9","charlie grin","","images/Trampt/48 Yellow Charlie Grin - DESIGNER TOY.jpeg"
"5","Lightning Zest Charlie Grin (+NFT)","48 Lightning Zest Charlie Grin (+NFT) - DESIGNER TOY.jpeg","48 Black Charlie Grin - DESIGNER TOY.jpeg","9","charlie grin","","images/Trampt/48 Black Charlie Grin - DESIGNER TOY.jpeg"
"6","Pink Temper Tot","48 Pink Temper Tot - Custom Toy - Trampt item 967.jpg","48 Pink Temper Tot - Custom Toy - Trampt item 967.jpg","31","pink temper tot","","images/Trampt/48 Pink Temper Tot - Custom Toy - Trampt item 967.jpg"
"6","Pink Temper Tot","48 Pink Temper Tot - Custom Toy - Trampt item 967.jpg","Temper Tot - PinkTurquoise - DESIGNER TOY.jpeg","15","pink temper tot","","images/Trampt/Temper Tot - PinkTurquoise - DESIGNER TOY.jpeg"
"6","Pink Temper Tot","48 Pink Temper Tot - Custom Toy - Trampt item 967.jpg","CATHY COWGIRL - PINK (LIMITED EDITION OF 30) - Custom Toy - Trampt item 552.jpg","13","pink","","images/Trampt/CATHY COWGIRL - PINK (LIMITED EDITION OF 30) - Custom Toy - Trampt item 552.jpg"
"6","Pink Temper Tot","48 Pink Temper Tot - Custom Toy - Trampt item 967.jpg","Big Boner - Popaganda Pink - DESIGNER TOY.jpeg","13","pink","","images/Trampt/Big Boner - Popaganda Pink - DESIGNER TOY.jpeg"
"6","Pink Temper Tot","48 Pink Temper Tot - Custom Toy - Trampt item 967.jpg","DUM ENGLISH ASTRONAUT SKULL STAR NECKLACE - PINK - DESIGNER TOY.jpeg","13","pink","","images/Trampt/DUM ENGLISH ASTRONAUT SKULL STAR NECKLACE - PINK - DESIGNER TOY.jpeg"
"6","Pink Temper Tot","48 Pink Temper Tot - Custom Toy - Trampt item 967.jpg","Embarrassed in Love - Lavender and Hot Pink - DESIGNER TOY.jpeg","13","pink","","images/Trampt/Embarrassed in Love - Lavender and Hot Pink - DESIGNER TOY.jpeg"
"6","Pink Temper Tot","48 Pink Temper Tot - Custom Toy - Trampt item 967.jpg","CHARLIE GRIN - OG PINK - DESIGNER TOY.jpeg","13","pink","","images/Trampt/CHARLIE GRIN - OG PINK - DESIGNER TOY.jpeg"
"6","Pink Temper Tot","48 Pink Temper Tot - Custom Toy - Trampt item 967.jpg","Dum English Astronaut Skull Star - Pink - DESIGNER TOY.jpeg","13","pink","","images/Trampt/Dum English Astronaut Skull Star - Pink - DESIGNER TOY.jpeg"
"7","Yellow Charlie Grin","48 Yellow Charlie Grin - DESIGNER TOY.jpeg","48 Yellow Charlie Grin - DESIGNER TOY.jpeg","31","yellow charlie grin","","images/Trampt/48 Yellow Charlie Grin - DESIGNER TOY.jpeg"
"7","Yellow Charlie Grin","48 Yellow Charlie Grin - DESIGNER TOY.jpeg","Unpainted Yellow Deadmau5 Grin - DESIGNER TOY.jpeg","17","yellow grin","","images/Trampt/Unpainted Yellow Deadmau5 Grin - DESIGNER TOY.jpeg"
"7","Yellow Charlie Grin","48 Yellow Charlie Grin - DESIGNER TOY.jpeg","OG Yellow Grinbot - DESIGNER TOY.jpeg","15","yellow grin","","images/Trampt/OG Yellow Grinbot - DESIGNER TOY.jpeg"
"7","Yellow Charlie Grin","48 Yellow Charlie Grin - DESIGNER TOY.jpeg","Magic PumpGrin (Yellow) - DESIGNER TOY-2.jpeg","15","yellow grin","","images/Trampt/Magic PumpGrin (Yellow) - DESIGNER TOY-2.jpeg"
"7","Yellow Charlie Grin","48 Yellow Charlie Grin - DESIGNER TOY.jpeg","zMagic PumpGrin (Yellow) - DESIGNER TOY.jpeg","15","yellow grin","","images/Trampt/zMagic PumpGrin (Yellow) - DESIGNER TOY.jpeg"
"7","Yellow Charlie Grin","48 Yellow Charlie Grin - DESIGNER TOY.jpeg","Telegrinnie 4ft Yellow - DESIGNER TOY.jpeg","15","yellow grin","","images/Trampt/Telegrinnie 4ft Yellow - DESIGNER TOY.jpeg"
"7","Yellow Charlie Grin","48 Yellow Charlie Grin - DESIGNER TOY.jpeg","Heart Skull - Transparent Yellow with Brain - Custom Toy - Trampt item 292.jpg","13","yellow","","images/Trampt/Heart Skull - Transparent Yellow with Brain - Custom Toy - Trampt item 292.jpg"
"7","Yellow Charlie Grin","48 Yellow Charlie Grin - DESIGNER TOY.jpeg","Big Yang & The Yang Bangers - Yellow - DESIGNER TOY.jpeg","13","yellow","","images/Trampt/Big Yang & The Yang Bangers - Yellow - DESIGNER TOY.jpeg"
"8","Starskull Walking Stick - Black","84 Black Starskull Walkimg Stick - Custom Toy - Trampt item 462.jpeg","84 Black Starskull Walkimg Stick - Custom Toy - Trampt item 462.jpeg","21","starskull stick black","","images/Trampt/84 Black Starskull Walkimg Stick - Custom Toy - Trampt item 462.jpeg"
"8","Starskull Walking Stick - Black","84 Black Starskull Walkimg Stick - Custom Toy - Trampt item 462.jpeg","Abraham Obama - Black - DESIGNER TOY.jpeg","13","black","","images/Trampt/Abraham Obama - Black - DESIGNER TOY.jpeg"
"8","Starskull Walking Stick - Black","84 Black Starskull Walkimg Stick - Custom Toy - Trampt item 462.jpeg","48 Black Charlie Grin - DESIGNER TOY.jpeg","13","black","","images/Trampt/48 Black Charlie Grin - DESIGNER TOY.jpeg"
"8","Starskull Walking Stick - Black","84 Black Starskull Walkimg Stick - Custom Toy - Trampt item 462.jpeg","Black Mousemask Murphy - DESIGNER TOY.jpeg","13","black","","images/Trampt/Black Mousemask Murphy - DESIGNER TOY.jpeg"
"8","Starskull Walking Stick - Black","84 Black Starskull Walkimg Stick - Custom Toy - Trampt item 462.jpeg","Abraham Obama - Black - DESIGNER TOY-2.jpeg","13","black","","images/Trampt/Abraham Obama - Black - DESIGNER TOY-2.jpeg"
"8","Starskull Walking Stick - Black","84 Black Starskull Walkimg Stick - Custom Toy - Trampt item 462.jpeg","Black Light Smack, Crack, and Pot - DESIGNER TOY.jpeg","13","black","","images/Trampt/Black Light Smack, Crack, and Pot - DESIGNER TOY.jpeg"
"8","Starskull Walking Stick - Black","84 Black Starskull Walkimg Stick - Custom Toy - Trampt item 462.jpeg","Black Glitter MC Supersized - DESIGNER TOY.jpeg","13","black","","images/Trampt/Black Glitter MC Supersized - DESIGNER TOY.jpeg"
"8","Starskull Walking Stick - Black","84 Black Starskull Walkimg Stick - Custom Toy - Trampt item 462.jpeg","Black Big Poppa (Dcon '19) - DESIGNER TOY.jpeg","13","black","","images/Trampt/Black Big Poppa (Dcon '19) - DESIGNER TOY.jpeg"
"9","BIGFOOT CHILD TOURIST (NFS)","BIGFOOT CHILD TOURIST (NFS) - Original Art - Trampt item 921.jpg","BIGFOOT CHILD TOURIST (NFS) - Original Art - Trampt item 921.jpg","27","bigfoot child tourist nfs","","images/Trampt/BIGFOOT CHILD TOURIST (NFS) - Original Art - Trampt item 921.jpg"
"9","BIGFOOT CHILD TOURIST (NFS)","BIGFOOT CHILD TOURIST (NFS) - Original Art - Trampt item 921.jpg","BIGFOOT MOTHER TOURIST (NFS) - Original Art - Trampt item 983.jpg","13","bigfoot tourist nfs","","images/Trampt/BIGFOOT MOTHER TOURIST (NFS) - Original Art - Trampt item 983.jpg"
"9","BIGFOOT CHILD TOURIST (NFS)","BIGFOOT CHILD TOURIST (NFS) - Original Art - Trampt item 921.jpg","BIGFOOT FATHER TOURIST (NFS) - Original Art - Trampt item 169.jpg","13","bigfoot tourist nfs","","images/Trampt/BIGFOOT FATHER TOURIST (NFS) - Original Art - Trampt item 169.jpg"
"9","BIGFOOT CHILD TOURIST (NFS)","BIGFOOT CHILD TOURIST (NFS) - Original Art - Trampt item 921.jpg","bigfoot-child-tourist-sculpture-coreyhelford.jpg","12","bigfoot child tourist","","images/Web-Documentation/bigfoot-child-tourist-sculpture-coreyhelford.jpg"
"9","BIGFOOT CHILD TOURIST (NFS)","BIGFOOT CHILD TOURIST (NFS) - Original Art - Trampt item 921.jpg","bigfoot-mother-tourist-sculpture-coreyhelford.jpg","8","bigfoot tourist","","images/Web-Documentation/bigfoot-mother-tourist-sculpture-coreyhelford.jpg"
"9","BIGFOOT CHILD TOURIST (NFS)","BIGFOOT CHILD TOURIST (NFS) - Original Art - Trampt item 921.jpg","bigfoot-father-tourist-sculpture-coreyhelford.jpg","8","bigfoot tourist","","images/Web-Documentation/bigfoot-father-tourist-sculpture-coreyhelford.jpg"
"9","BIGFOOT CHILD TOURIST (NFS)","BIGFOOT CHILD TOURIST (NFS) - Original Art - Trampt item 921.jpg","Golden Little Bigfoot - Custom Toy - Trampt item 263.jpg","5","bigfoot","","images/Trampt/Golden Little Bigfoot - Custom Toy - Trampt item 263.jpg"
"9","BIGFOOT CHILD TOURIST (NFS)","BIGFOOT CHILD TOURIST (NFS) - Original Art - Trampt item 921.jpg","BARNEY GRIN - JPS Bubble B-Rex Grin Player 1 ( JPS EDITION ) ( Gold Grin ) VIP NFS - DESIGNER TOY.jpeg","5","nfs","","images/Trampt/BARNEY GRIN - JPS Bubble B-Rex Grin Player 1 ( JPS EDITION ) ( Gold Grin ) VIP NFS - DESIGNER TOY.jpeg"
"10","BIGFOOT FATHER TOURIST (NFS)","BIGFOOT FATHER TOURIST (NFS) - Original Art - Trampt item 169.jpg","BIGFOOT FATHER TOURIST (NFS) - Original Art - Trampt item 169.jpg","27","bigfoot father tourist nfs","","images/Trampt/BIGFOOT FATHER TOURIST (NFS) - Original Art - Trampt item 169.jpg"
"10","BIGFOOT FATHER TOURIST (NFS)","BIGFOOT FATHER TOURIST (NFS) - Original Art - Trampt item 169.jpg","BIGFOOT MOTHER TOURIST (NFS) - Original Art - Trampt item 983.jpg","13","bigfoot tourist nfs","","images/Trampt/BIGFOOT MOTHER TOURIST (NFS) - Original Art - Trampt item 983.jpg"
"10","BIGFOOT FATHER TOURIST (NFS)","BIGFOOT FATHER TOURIST (NFS) - Original Art - Trampt item 169.jpg","BIGFOOT CHILD TOURIST (NFS) - Original Art - Trampt item 921.jpg","13","bigfoot tourist nfs","","images/Trampt/BIGFOOT CHILD TOURIST (NFS) - Original Art - Trampt item 921.jpg"
"10","BIGFOOT FATHER TOURIST (NFS)","BIGFOOT FATHER TOURIST (NFS) - Original Art - Trampt item 169.jpg","bigfoot-father-tourist-sculpture-coreyhelford.jpg","12","bigfoot father tourist","","images/Web-Documentation/bigfoot-father-tourist-sculpture-coreyhelford.jpg"
"10","BIGFOOT FATHER TOURIST (NFS)","BIGFOOT FATHER TOURIST (NFS) - Original Art - Trampt item 169.jpg","bigfoot-mother-tourist-sculpture-coreyhelford.jpg","8","bigfoot tourist","","images/Web-Documentation/bigfoot-mother-tourist-sculpture-coreyhelford.jpg"
"10","BIGFOOT FATHER TOURIST (NFS)","BIGFOOT FATHER TOURIST (NFS) - Original Art - Trampt item 169.jpg","bigfoot-child-tourist-sculpture-coreyhelford.jpg","8","bigfoot tourist","","images/Web-Documentation/bigfoot-child-tourist-sculpture-coreyhelford.jpg"
"10","BIGFOOT FATHER TOURIST (NFS)","BIGFOOT FATHER TOURIST (NFS) - Original Art - Trampt item 169.jpg","Golden Little Bigfoot - Custom Toy - Trampt item 263.jpg","5","bigfoot","","images/Trampt/Golden Little Bigfoot - Custom Toy - Trampt item 263.jpg"
"10","BIGFOOT FATHER TOURIST (NFS)","BIGFOOT FATHER TOURIST (NFS) - Original Art - Trampt item 169.jpg","BARNEY GRIN - JPS Bubble B-Rex Grin Player 1 ( JPS EDITION ) ( Gold Grin ) VIP NFS - DESIGNER TOY.jpeg","5","nfs","","images/Trampt/BARNEY GRIN - JPS Bubble B-Rex Grin Player 1 ( JPS EDITION ) ( Gold Grin ) VIP NFS - DESIGNER TOY.jpeg"
"11","BIGFOOT MOTHER TOURIST (NFS)","BIGFOOT MOTHER TOURIST (NFS) - Original Art - Trampt item 983.jpg","BIGFOOT MOTHER TOURIST (NFS) - Original Art - Trampt item 983.jpg","27","bigfoot mother tourist nfs","","images/Trampt/BIGFOOT MOTHER TOURIST (NFS) - Original Art - Trampt item 983.jpg"
"11","BIGFOOT MOTHER TOURIST (NFS)","BIGFOOT MOTHER TOURIST (NFS) - Original Art - Trampt item 983.jpg","BIGFOOT FATHER TOURIST (NFS) - Original Art - Trampt item 169.jpg","13","bigfoot tourist nfs","","images/Trampt/BIGFOOT FATHER TOURIST (NFS) - Original Art - Trampt item 169.jpg"
"11","BIGFOOT MOTHER TOURIST (NFS)","BIGFOOT MOTHER TOURIST (NFS) - Original Art - Trampt item 983.jpg","BIGFOOT CHILD TOURIST (NFS) - Original Art - Trampt item 921.jpg","13","bigfoot tourist nfs","","images/Trampt/BIGFOOT CHILD TOURIST (NFS) - Original Art - Trampt item 921.jpg"
"11","BIGFOOT MOTHER TOURIST (NFS)","BIGFOOT MOTHER TOURIST (NFS) - Original Art - Trampt item 983.jpg","bigfoot-mother-tourist-sculpture-coreyhelford.jpg","12","bigfoot mother tourist","","images/Web-Documentation/bigfoot-mother-tourist-sculpture-coreyhelford.jpg"
"11","BIGFOOT MOTHER TOURIST (NFS)","BIGFOOT MOTHER TOURIST (NFS) - Original Art - Trampt item 983.jpg","bigfoot-father-tourist-sculpture-coreyhelford.jpg","8","bigfoot tourist","","images/Web-Documentation/bigfoot-father-tourist-sculpture-coreyhelford.jpg"
"11","BIGFOOT MOTHER TOURIST (NFS)","BIGFOOT MOTHER TOURIST (NFS) - Original Art - Trampt item 983.jpg","bigfoot-child-tourist-sculpture-coreyhelford.jpg","8","bigfoot tourist","","images/Web-Documentation/bigfoot-child-tourist-sculpture-coreyhelford.jpg"
"11","BIGFOOT MOTHER TOURIST (NFS)","BIGFOOT MOTHER TOURIST (NFS) - Original Art - Trampt item 983.jpg","Golden Little Bigfoot - Custom Toy - Trampt item 263.jpg","5","bigfoot","","images/Trampt/Golden Little Bigfoot - Custom Toy - Trampt item 263.jpg"
"11","BIGFOOT MOTHER TOURIST (NFS)","BIGFOOT MOTHER TOURIST (NFS) - Original Art - Trampt item 983.jpg","BARNEY GRIN - JPS Bubble B-Rex Grin Player 1 ( JPS EDITION ) ( Gold Grin ) VIP NFS - DESIGNER TOY.jpeg","5","nfs","","images/Trampt/BARNEY GRIN - JPS Bubble B-Rex Grin Player 1 ( JPS EDITION ) ( Gold Grin ) VIP NFS - DESIGNER TOY.jpeg"
"12","Cathy Cowgirl - Pink","Cathy Cowgirl - Brown - DESIGNER TOY.jpeg","CATHY COWGIRL - PINK (LIMITED EDITION OF 30) - Custom Toy - Trampt item 552.jpg","31","cathy cowgirl pink","","images/Trampt/CATHY COWGIRL - PINK (LIMITED EDITION OF 30) - Custom Toy - Trampt item 552.jpg"
"12","Cathy Cowgirl - Pink","Cathy Cowgirl - Brown - DESIGNER TOY.jpeg","CHARLIE GRIN - OG PINK - DESIGNER TOY.jpeg","13","pink","","images/Trampt/CHARLIE GRIN - OG PINK - DESIGNER TOY.jpeg"
"12","Cathy Cowgirl - Pink","Cathy Cowgirl - Brown - DESIGNER TOY.jpeg","Big Boner - Popaganda Pink - DESIGNER TOY.jpeg","13","pink","","images/Trampt/Big Boner - Popaganda Pink - DESIGNER TOY.jpeg"
"12","Cathy Cowgirl - Pink","Cathy Cowgirl - Brown - DESIGNER TOY.jpeg","48 Pink Temper Tot - Custom Toy - Trampt item 967.jpg","13","pink","","images/Trampt/48 Pink Temper Tot - Custom Toy - Trampt item 967.jpg"
"12","Cathy Cowgirl - Pink","Cathy Cowgirl - Brown - DESIGNER TOY.jpeg","Embarrassed in Love - Lavender and Hot Pink - DESIGNER TOY.jpeg","13","pink","","images/Trampt/Embarrassed in Love - Lavender and Hot Pink - DESIGNER TOY.jpeg"
"12","Cathy Cowgirl - Pink","Cathy Cowgirl - Brown - DESIGNER TOY.jpeg","Figment Bust - Pink - DESIGNER TOY.jpeg","13","pink","","images/Trampt/Figment Bust - Pink - DESIGNER TOY.jpeg"
"12","Cathy Cowgirl - Pink","Cathy Cowgirl - Brown - DESIGNER TOY.jpeg","Dum English Astronaut Skull Star - Pink - DESIGNER TOY.jpeg","13","pink","","images/Trampt/Dum English Astronaut Skull Star - Pink - DESIGNER TOY.jpeg"
"12","Cathy Cowgirl - Pink","Cathy Cowgirl - Brown - DESIGNER TOY.jpeg","DUM ENGLISH ASTRONAUT SKULL STAR NECKLACE - PINK - DESIGNER TOY.jpeg","13","pink","","images/Trampt/DUM ENGLISH ASTRONAUT SKULL STAR NECKLACE - PINK - DESIGNER TOY.jpeg"
"13","Charlie Grin - Garageworks Edition""","Charlie Grin - Garageworks Edition 48 - DESIGNER TOY.jpeg","Charlie Grin - Garageworks Edition 48 - DESIGNER TOY.jpeg","23","charlie grin garageworks","","images/Trampt/Charlie Grin - Garageworks Edition 48 - DESIGNER TOY.jpeg"
"13","Charlie Grin - Garageworks Edition""","Charlie Grin - Garageworks Edition 48 - DESIGNER TOY.jpeg","48 Black Charlie Grin - DESIGNER TOY.jpeg","9","charlie grin","","images/Trampt/48 Black Charlie Grin - DESIGNER TOY.jpeg"
"13","Charlie Grin - Garageworks Edition""","Charlie Grin - Garageworks Edition 48 - DESIGNER TOY.jpeg","48 Atomic Orange Charlie Grin (+NFT) - DESIGNER TOY.jpeg","9","charlie grin","","images/Trampt/48 Atomic Orange Charlie Grin (+NFT) - DESIGNER TOY.jpeg"
"13","Charlie Grin - Garageworks Edition""","Charlie Grin - Garageworks Edition 48 - DESIGNER TOY.jpeg","Charlie Grin - Chapel of Dawn edition - DESIGNER TOY.jpeg","9","charlie grin","","images/Trampt/Charlie Grin - Chapel of Dawn edition - DESIGNER TOY.jpeg"
"13","Charlie Grin - Garageworks Edition""","Charlie Grin - Garageworks Edition 48 - DESIGNER TOY.jpeg","48 Electric Strawberry Charlie Grin (+NFT) - DESIGNER TOY.jpeg","9","charlie grin","","images/Trampt/48 Electric Strawberry Charlie Grin (+NFT) - DESIGNER TOY.jpeg"
"13","Charlie Grin - Garageworks Edition""","Charlie Grin - Garageworks Edition 48 - DESIGNER TOY.jpeg","Charlie Grin - Blue - DESIGNER TOY.jpeg","9","charlie grin","","images/Trampt/Charlie Grin - Blue - DESIGNER TOY.jpeg"
"13","Charlie Grin - Garageworks Edition""","Charlie Grin - Garageworks Edition 48 - DESIGNER TOY.jpeg","48 Yellow Charlie Grin - DESIGNER TOY.jpeg","9","charlie grin","","images/Trampt/48 Yellow Charlie Grin - DESIGNER TOY.jpeg"
"13","Charlie Grin - Garageworks Edition""","Charlie Grin - Garageworks Edition 48 - DESIGNER TOY.jpeg","48 Lightning Zest Charlie Grin (+NFT) - DESIGNER TOY.jpeg","9","charlie grin","","images/Trampt/48 Lightning Zest Charlie Grin (+NFT) - DESIGNER TOY.jpeg"
"14","Charlie Grin - Zac Pac Edition (Red)""","Charlie Grin Zac Pac Edition - Red 48 - DESIGNER TOY.jpeg","Charlie Grin Zac Pac Edition - Red 48 - DESIGNER TOY.jpeg","39","charlie grin zac pac red","","images/Trampt/Charlie Grin Zac Pac Edition - Red 48 - DESIGNER TOY.jpeg"
"14","Charlie Grin - Zac Pac Edition (Red)""","Charlie Grin Zac Pac Edition - Red 48 - DESIGNER TOY.jpeg","Red Glitter Mc Supersized Grin - DESIGNER TOY.jpeg","17","grin red","","images/Trampt/Red Glitter Mc Supersized Grin - DESIGNER TOY.jpeg"
"14","Charlie Grin - Zac Pac Edition (Red)""","Charlie Grin Zac Pac Edition - Red 48 - DESIGNER TOY.jpeg","Red Glitter Donald T Rich Grin - DESIGNER TOY.jpeg","17","grin red","","images/Trampt/Red Glitter Donald T Rich Grin - DESIGNER TOY.jpeg"
"14","Charlie Grin - Zac Pac Edition (Red)""","Charlie Grin Zac Pac Edition - Red 48 - DESIGNER TOY.jpeg","Mushroom Grin - Red - DESIGNER TOY.jpeg","17","grin red","","images/Trampt/Mushroom Grin - Red - DESIGNER TOY.jpeg"
"14","Charlie Grin - Zac Pac Edition (Red)""","Charlie Grin Zac Pac Edition - Red 48 - DESIGNER TOY.jpeg","Unpainted Red Deadmau5 Grin - DESIGNER TOY.jpeg","17","grin red","","images/Trampt/Unpainted Red Deadmau5 Grin - DESIGNER TOY.jpeg"
"14","Charlie Grin - Zac Pac Edition (Red)""","Charlie Grin Zac Pac Edition - Red 48 - DESIGNER TOY.jpeg","Red Police Grin (Bone Grin) - DESIGNER TOY.jpeg","17","grin red","","images/Trampt/Red Police Grin (Bone Grin) - DESIGNER TOY.jpeg"
"14","Charlie Grin - Zac Pac Edition (Red)""","Charlie Grin Zac Pac Edition - Red 48 - DESIGNER TOY.jpeg","Red Lucky Cat Grin (SDCC '18) - DESIGNER TOY.jpeg","17","grin red","","images/Trampt/Red Lucky Cat Grin (SDCC '18) - DESIGNER TOY.jpeg"
"14","Charlie Grin - Zac Pac Edition (Red)""","Charlie Grin Zac Pac Edition - Red 48 - DESIGNER TOY.jpeg","Telegrinnie 4ft Red - DESIGNER TOY.jpeg","15","grin red","","images/Trampt/Telegrinnie 4ft Red - DESIGNER TOY.jpeg"
"15","Cheezy Grin","Cheezy Grin Spongebob - DESIGNER TOY.jpeg","Gold Cheezy Grin Spongebob - DESIGNER TOY.jpeg","19","cheezy grin","","images/Trampt/Gold Cheezy Grin Spongebob - DESIGNER TOY.jpeg"
"15","Cheezy Grin","Cheezy Grin Spongebob - DESIGNER TOY.jpeg","Silver Cheezy Grin Spongebob - DESIGNER TOY.jpeg","19","cheezy grin","","images/Trampt/Silver Cheezy Grin Spongebob - DESIGNER TOY.jpeg"
"15","Cheezy Grin","Cheezy Grin Spongebob - DESIGNER TOY.jpeg","Cheezy Grin Patrick - DESIGNER TOY.jpeg","19","cheezy grin","","images/Trampt/Cheezy Grin Patrick - DESIGNER TOY.jpeg"
"15","Cheezy Grin","Cheezy Grin Spongebob - DESIGNER TOY.jpeg","Cheezy Grin Spongebob - DESIGNER TOY.jpeg","19","cheezy grin","","images/Trampt/Cheezy Grin Spongebob - DESIGNER TOY.jpeg"
"15","Cheezy Grin","Cheezy Grin Spongebob - DESIGNER TOY.jpeg","cheezy grin-heritage.jpg","18","cheezy grin","","images/Web-Documentation/cheezy grin-heritage.jpg"
"15","Cheezy Grin","Cheezy Grin Spongebob - DESIGNER TOY.jpeg","cheezy grin sculpture-artsy.jpg","18","cheezy grin","","images/Web-Documentation/cheezy grin sculpture-artsy.jpg"
"15","Cheezy Grin","Cheezy Grin Spongebob - DESIGNER TOY.jpeg","11 Bart Grin - OG - DESIGNER TOY.jpeg","5","grin","","images/Trampt/11 Bart Grin - OG - DESIGNER TOY.jpeg"
"15","Cheezy Grin","Cheezy Grin Spongebob - DESIGNER TOY.jpeg","100% + 400% Have a Grin Day Be@rbrick (Set) - DESIGNER TOY.jpeg","5","grin","","images/Trampt/100% + 400% Have a Grin Day Be@rbrick (Set) - DESIGNER TOY.jpeg"
"16","EUROPEAN CAMO DOE","EUROPEAN CAMO DOE - Original Art - Trampt item 197.jpg","EUROPEAN CAMO DOE - Original Art - Trampt item 197.jpg","23","european camo doe","","images/Trampt/EUROPEAN CAMO DOE - Original Art - Trampt item 197.jpg"
"16","EUROPEAN CAMO DOE","EUROPEAN CAMO DOE - Original Art - Trampt item 197.jpg","EUROPEAN CAMO STAG - Original Art - Trampt item 517.jpg","9","european camo","","images/Trampt/EUROPEAN CAMO STAG - Original Art - Trampt item 517.jpg"
"16","EUROPEAN CAMO DOE","EUROPEAN CAMO DOE - Original Art - Trampt item 197.jpg","camo-doe-sculpture-neonature.jpg","8","camo doe","","images/Web-Documentation/camo-doe-sculpture-neonature.jpg"
"16","EUROPEAN CAMO DOE","EUROPEAN CAMO DOE - Original Art - Trampt item 197.jpg","Big Boner - Camo - DESIGNER TOY.jpeg","5","camo","","images/Trampt/Big Boner - Camo - DESIGNER TOY.jpeg"
"16","EUROPEAN CAMO DOE","EUROPEAN CAMO DOE - Original Art - Trampt item 197.jpg","EVIL MC - Camo Edition - DESIGNER TOY.jpeg","5","camo","","images/Trampt/EVIL MC - Camo Edition - DESIGNER TOY.jpeg"
"16","EUROPEAN CAMO DOE","EUROPEAN CAMO DOE - Original Art - Trampt item 197.jpg","EVIL MC - Camo Edition ( Variant - Camo Face ) - DESIGNER TOY.jpeg","5","camo","","images/Trampt/EVIL MC - Camo Edition ( Variant - Camo Face ) - DESIGNER TOY.jpeg"
"16","EUROPEAN CAMO DOE","EUROPEAN CAMO DOE - Original Art - Trampt item 197.jpg","Camo boy lenticular print - ART PRINT.jpeg","5","camo","","images/Trampt/Camo boy lenticular print - ART PRINT.jpeg"
"16","EUROPEAN CAMO DOE","EUROPEAN CAMO DOE - Original Art - Trampt item 197.jpg","Camo Deer in Autumn - ART PRINT.jpeg","5","camo","","images/Trampt/Camo Deer in Autumn - ART PRINT.jpeg"
"17","EUROPEAN CAMO STAG","EUROPEAN CAMO STAG - Original Art - Trampt item 517.jpg","EUROPEAN CAMO STAG - Original Art - Trampt item 517.jpg","23","european camo stag","","images/Trampt/EUROPEAN CAMO STAG - Original Art - Trampt item 517.jpg"
"17","EUROPEAN CAMO STAG","EUROPEAN CAMO STAG - Original Art - Trampt item 517.jpg","EUROPEAN CAMO DOE - Original Art - Trampt item 197.jpg","9","european camo","","images/Trampt/EUROPEAN CAMO DOE - Original Art - Trampt item 197.jpg"
"17","EUROPEAN CAMO STAG","EUROPEAN CAMO STAG - Original Art - Trampt item 517.jpg","camo-stag-sculpture-neonature.jpg","8","camo stag","","images/Web-Documentation/camo-stag-sculpture-neonature.jpg"
"17","EUROPEAN CAMO STAG","EUROPEAN CAMO STAG - Original Art - Trampt item 517.jpg","Big Boner - Camo - DESIGNER TOY.jpeg","5","camo","","images/Trampt/Big Boner - Camo - DESIGNER TOY.jpeg"
"17","EUROPEAN CAMO STAG","EUROPEAN CAMO STAG - Original Art - Trampt item 517.jpg","EVIL MC - Camo Edition - DESIGNER TOY.jpeg","5","camo","","images/Trampt/EVIL MC - Camo Edition - DESIGNER TOY.jpeg"
"17","EUROPEAN CAMO STAG","EUROPEAN CAMO STAG - Original Art - Trampt item 517.jpg","EVIL MC - Camo Edition ( Variant - Camo Face ) - DESIGNER TOY.jpeg","5","camo","","images/Trampt/EVIL MC - Camo Edition ( Variant - Camo Face ) - DESIGNER TOY.jpeg"
"17","EUROPEAN CAMO STAG","EUROPEAN CAMO STAG - Original Art - Trampt item 517.jpg","Camo boy lenticular print - ART PRINT.jpeg","5","camo","","images/Trampt/Camo boy lenticular print - ART PRINT.jpeg"
"17","EUROPEAN CAMO STAG","EUROPEAN CAMO STAG - Original Art - Trampt item 517.jpg","Camo Deer in Autumn - ART PRINT.jpeg","5","camo","","images/Trampt/Camo Deer in Autumn - ART PRINT.jpeg"
"18","FAT TONY (LIMITED EDITION OF 30)","FAT TONY (LIMITED EDITION OF 30) - Custom Toy - Trampt item 47.jpg","FAT TONY (LIMITED EDITION OF 30) - Custom Toy - Trampt item 47.jpg","23","fat tony 30","","images/Trampt/FAT TONY (LIMITED EDITION OF 30) - Custom Toy - Trampt item 47.jpg"
"18","FAT TONY (LIMITED EDITION OF 30)","FAT TONY (LIMITED EDITION OF 30) - Custom Toy - Trampt item 47.jpg","Fat Tony - Fluorescent - DESIGNER TOY.jpeg","9","fat tony","","images/Trampt/Fat Tony - Fluorescent - DESIGNER TOY.jpeg"
"18","FAT TONY (LIMITED EDITION OF 30)","FAT TONY (LIMITED EDITION OF 30) - Custom Toy - Trampt item 47.jpg","Fat Tony - Antique - DESIGNER TOY.jpeg","9","fat tony","","images/Trampt/Fat Tony - Antique - DESIGNER TOY.jpeg"
"18","FAT TONY (LIMITED EDITION OF 30)","FAT TONY (LIMITED EDITION OF 30) - Custom Toy - Trampt item 47.jpg","Pink Fat Tony - DESIGNER TOY.jpeg","9","fat tony","","images/Trampt/Pink Fat Tony - DESIGNER TOY.jpeg"
"18","FAT TONY (LIMITED EDITION OF 30)","FAT TONY (LIMITED EDITION OF 30) - Custom Toy - Trampt item 47.jpg","Fat Tony - Original - DESIGNER TOY.jpeg","9","fat tony","","images/Trampt/Fat Tony - Original - DESIGNER TOY.jpeg"
"18","FAT TONY (LIMITED EDITION OF 30)","FAT TONY (LIMITED EDITION OF 30) - Custom Toy - Trampt item 47.jpg","Gold Fat Tony - DESIGNER TOY.jpeg","9","fat tony","","images/Trampt/Gold Fat Tony - DESIGNER TOY.jpeg"
"18","FAT TONY (LIMITED EDITION OF 30)","FAT TONY (LIMITED EDITION OF 30) - Custom Toy - Trampt item 47.jpg","Frosted Fat Tony Mini - DESIGNER TOY.jpeg","9","fat tony","","images/Trampt/Frosted Fat Tony Mini - DESIGNER TOY.jpeg"
"18","FAT TONY (LIMITED EDITION OF 30)","FAT TONY (LIMITED EDITION OF 30) - Custom Toy - Trampt item 47.jpg","Fat Tony Frozen Culture - DESIGNER TOY.jpeg","9","fat tony","","images/Trampt/Fat Tony Frozen Culture - DESIGNER TOY.jpeg"
"19","Golden Little Bigfoot","Golden Little Bigfoot - Custom Toy - Trampt item 263.jpg","Golden Little Bigfoot - Custom Toy - Trampt item 263.jpg","23","golden little bigfoot","","images/Trampt/Golden Little Bigfoot - Custom Toy - Trampt item 263.jpg"
"19","Golden Little Bigfoot","Golden Little Bigfoot - Custom Toy - Trampt item 263.jpg","Little Bigfoot - Green - Custom Toy - Trampt item 130.jpg","9","little bigfoot","","images/Trampt/Little Bigfoot - Green - Custom Toy - Trampt item 130.jpg"
"19","Golden Little Bigfoot","Golden Little Bigfoot - Custom Toy - Trampt item 263.jpg","Little Bigfoot - Fire - Custom Toy - Trampt item 756.jpg","9","little bigfoot","","images/Trampt/Little Bigfoot - Fire - Custom Toy - Trampt item 756.jpg"
"19","Golden Little Bigfoot","Golden Little Bigfoot - Custom Toy - Trampt item 263.jpg","Green LITTLE BIGFOOT - Custom Toy - Trampt item 213.jpg","9","little bigfoot","","images/Trampt/Green LITTLE BIGFOOT - Custom Toy - Trampt item 213.jpg"
"19","Golden Little Bigfoot","Golden Little Bigfoot - Custom Toy - Trampt item 263.jpg","Little Bigfoot - Purple Rainbow - Custom Toy - Trampt item 168.jpg","9","little bigfoot","","images/Trampt/Little Bigfoot - Purple Rainbow - Custom Toy - Trampt item 168.jpg"
"19","Golden Little Bigfoot","Golden Little Bigfoot - Custom Toy - Trampt item 263.jpg","Little Bigfoot - Purple with Blue Face - Custom Toy - Trampt item 745.jpg","9","little bigfoot","","images/Trampt/Little Bigfoot - Purple with Blue Face - Custom Toy - Trampt item 745.jpg"
"19","Golden Little Bigfoot","Golden Little Bigfoot - Custom Toy - Trampt item 263.jpg","Little Bigfoot - Orange with Blue Face - Custom Toy - Trampt item 618.jpg","9","little bigfoot","","images/Trampt/Little Bigfoot - Orange with Blue Face - Custom Toy - Trampt item 618.jpg"
"19","Golden Little Bigfoot","Golden Little Bigfoot - Custom Toy - Trampt item 263.jpg","Little Bigfoot - Pink with Orange Face - Custom Toy - Trampt item 407.jpg","9","little bigfoot","","images/Trampt/Little Bigfoot - Pink with Orange Face - Custom Toy - Trampt item 407.jpg"
"20","Little Bigfoot - Green","Green LITTLE BIGFOOT - Custom Toy - Trampt item 213.jpg","Little Bigfoot - Green - Custom Toy - Trampt item 130.jpg","31","little bigfoot green","","images/Trampt/Little Bigfoot - Green - Custom Toy - Trampt item 130.jpg"
"20","Little Bigfoot - Green","Green LITTLE BIGFOOT - Custom Toy - Trampt item 213.jpg","Green LITTLE BIGFOOT - Custom Toy - Trampt item 213.jpg","21","little bigfoot green","","images/Trampt/Green LITTLE BIGFOOT - Custom Toy - Trampt item 213.jpg"
"20","Little Bigfoot - Green","Green LITTLE BIGFOOT - Custom Toy - Trampt item 213.jpg","Abraham Obama - Green - DESIGNER TOY.jpeg","13","green","","images/Trampt/Abraham Obama - Green - DESIGNER TOY.jpeg"
"20","Little Bigfoot - Green","Green LITTLE BIGFOOT - Custom Toy - Trampt item 213.jpg","48 Green Telegrinnie - DESIGNER TOY.jpeg","13","green","","images/Trampt/48 Green Telegrinnie - DESIGNER TOY.jpeg"
"20","Little Bigfoot - Green","Green LITTLE BIGFOOT - Custom Toy - Trampt item 213.jpg","Green Blacklight Magic Green Mad Happy Monk Grin - DESIGNER TOY.jpeg","13","green","","images/Trampt/Green Blacklight Magic Green Mad Happy Monk Grin - DESIGNER TOY.jpeg"
"20","Little Bigfoot - Green","Green LITTLE BIGFOOT - Custom Toy - Trampt item 213.jpg","Green Fever Poultry Rex - DESIGNER TOY.jpeg","13","green","","images/Trampt/Green Fever Poultry Rex - DESIGNER TOY.jpeg"
"20","Little Bigfoot - Green","Green LITTLE BIGFOOT - Custom Toy - Trampt item 213.jpg","Figment Bust - Green - DESIGNER TOY.jpeg","13","green","","images/Trampt/Figment Bust - Green - DESIGNER TOY.jpeg"
"20","Little Bigfoot - Green","Green LITTLE BIGFOOT - Custom Toy - Trampt item 213.jpg","Dinogrenade - Green - DESIGNER TOY.jpeg","13","green","","images/Trampt/Dinogrenade - Green - DESIGNER TOY.jpeg"
"21","Liberty Grin - 48""","Liberty Grin - 48 - Custom Toy - Trampt item 942.jpg","Liberty Grin - 48 - Custom Toy - Trampt item 942.jpg","23","liberty grin 48","","images/Trampt/Liberty Grin - 48 - Custom Toy - Trampt item 942.jpg"
"21","Liberty Grin - 48""","Liberty Grin - 48 - Custom Toy - Trampt item 942.jpg","Bronze Lady Liberty Grin - DESIGNER TOY.jpeg","9","liberty grin","","images/Trampt/Bronze Lady Liberty Grin - DESIGNER TOY.jpeg"
"21","Liberty Grin - 48""","Liberty Grin - 48 - Custom Toy - Trampt item 942.jpg","Charlie Grin - Garageworks Edition 48 - DESIGNER TOY.jpeg","9","grin 48","","images/Trampt/Charlie Grin - Garageworks Edition 48 - DESIGNER TOY.jpeg"
"21","Liberty Grin - 48""","Liberty Grin - 48 - Custom Toy - Trampt item 942.jpg","48 Black Charlie Grin - DESIGNER TOY.jpeg","9","grin 48","","images/Trampt/48 Black Charlie Grin - DESIGNER TOY.jpeg"
"21","Liberty Grin - 48""","Liberty Grin - 48 - Custom Toy - Trampt item 942.jpg","48 Atomic Orange Charlie Grin (+NFT) - DESIGNER TOY.jpeg","9","grin 48","","images/Trampt/48 Atomic Orange Charlie Grin (+NFT) - DESIGNER TOY.jpeg"
"21","Liberty Grin - 48""","Liberty Grin - 48 - Custom Toy - Trampt item 942.jpg","48 Electric Strawberry Charlie Grin (+NFT) - DESIGNER TOY.jpeg","9","grin 48","","images/Trampt/48 Electric Strawberry Charlie Grin (+NFT) - DESIGNER TOY.jpeg"
"21","Liberty Grin - 48""","Liberty Grin - 48 - Custom Toy - Trampt item 942.jpg","48 Yellow Charlie Grin - DESIGNER TOY.jpeg","9","grin 48","","images/Trampt/48 Yellow Charlie Grin - DESIGNER TOY.jpeg"
"21","Liberty Grin - 48""","Liberty Grin - 48 - Custom Toy - Trampt item 942.jpg","48 Lightning Zest Charlie Grin (+NFT) - DESIGNER TOY.jpeg","9","grin 48","","images/Trampt/48 Lightning Zest Charlie Grin (+NFT) - DESIGNER TOY.jpeg"
"22","Marilyn Mickeys (Green)","marilyn-mickeys-green.jpg","marilyn-mickeys-green.jpg","31","marilyn mickeys green","","images/Trampt/marilyn-mickeys-green.jpg"
"22","Marilyn Mickeys (Green)","marilyn-mickeys-green.jpg","Dinogrenade - Green - DESIGNER TOY.jpeg","13","green","","images/Trampt/Dinogrenade - Green - DESIGNER TOY.jpeg"
"22","Marilyn Mickeys (Green)","marilyn-mickeys-green.jpg","Abraham Obama - Green - DESIGNER TOY.jpeg","13","green","","images/Trampt/Abraham Obama - Green - DESIGNER TOY.jpeg"
"22","Marilyn Mickeys (Green)","marilyn-mickeys-green.jpg","48 Green Telegrinnie - DESIGNER TOY.jpeg","13","green","","images/Trampt/48 Green Telegrinnie - DESIGNER TOY.jpeg"
"22","Marilyn Mickeys (Green)","marilyn-mickeys-green.jpg","Green Fever Poultry Rex - DESIGNER TOY.jpeg","13","green","","images/Trampt/Green Fever Poultry Rex - DESIGNER TOY.jpeg"
"22","Marilyn Mickeys (Green)","marilyn-mickeys-green.jpg","Green Glitter Mc Supersized Grin - DESIGNER TOY.jpeg","13","green","","images/Trampt/Green Glitter Mc Supersized Grin - DESIGNER TOY.jpeg"
"22","Marilyn Mickeys (Green)","marilyn-mickeys-green.jpg","Figment Bust - Green - DESIGNER TOY.jpeg","13","green","","images/Trampt/Figment Bust - Green - DESIGNER TOY.jpeg"
"22","Marilyn Mickeys (Green)","marilyn-mickeys-green.jpg","Green Blacklight Magic Green Mad Happy Monk Grin - DESIGNER TOY.jpeg","13","green","","images/Trampt/Green Blacklight Magic Green Mad Happy Monk Grin - DESIGNER TOY.jpeg"
"23","MC Supersized - Original 36""","MC Supersized - Original 36 - Original Art - Trampt item 415.jpg","MC Supersized - Original 36 - Original Art - Trampt item 415.jpg","27","mc supersized original 36","","images/Trampt/MC Supersized - Original 36 - Original Art - Trampt item 415.jpg"
"23","MC Supersized - Original 36""","MC Supersized - Original 36 - Original Art - Trampt item 415.jpg","MC Supersized Grin - Original Grin - DESIGNER TOY-3.jpeg","13","mc supersized original","","images/Trampt/MC Supersized Grin - Original Grin - DESIGNER TOY-3.jpeg"
"23","MC Supersized - Original 36""","MC Supersized - Original 36 - Original Art - Trampt item 415.jpg","MC Supersized Grin - Original Grin.webp","13","mc supersized original","","images/Trampt/MC Supersized Grin - Original Grin.webp"
"23","MC Supersized - Original 36""","MC Supersized - Original 36 - Original Art - Trampt item 415.jpg","MC Supersized - Original - DESIGNER TOY.jpeg","13","mc supersized original","","images/Trampt/MC Supersized - Original - DESIGNER TOY.jpeg"
"23","MC Supersized - Original 36""","MC Supersized - Original 36 - Original Art - Trampt item 415.jpg","4th of July Mc Supersized - DESIGNER TOY.jpeg","9","mc supersized","","images/Trampt/4th of July Mc Supersized - DESIGNER TOY.jpeg"
"23","MC Supersized - Original 36""","MC Supersized - Original 36 - Original Art - Trampt item 415.jpg","Black Glitter MC Supersized - DESIGNER TOY.jpeg","9","mc supersized","","images/Trampt/Black Glitter MC Supersized - DESIGNER TOY.jpeg"
"23","MC Supersized - Original 36""","MC Supersized - Original 36 - Original Art - Trampt item 415.jpg","4 Groovy Mc Supersized (Skull) - DESIGNER TOY-2.jpeg","9","mc supersized","","images/Trampt/4 Groovy Mc Supersized (Skull) - DESIGNER TOY-2.jpeg"
"23","MC Supersized - Original 36""","MC Supersized - Original 36 - Original Art - Trampt item 415.jpg","3rd Edition X-Ray MC Supersized - DESIGNER TOY.jpeg","9","mc supersized","","images/Trampt/3rd Edition X-Ray MC Supersized - DESIGNER TOY.jpeg"
"24","McSupersized","McSupersized 48.jpg","McSupersized - Bronze - DESIGNER TOY.jpeg","15","mcsupersized","","images/Trampt/McSupersized - Bronze - DESIGNER TOY.jpeg"
"24","McSupersized","McSupersized 48.jpg","McSupersized - Clear Gold Glitter - DESIGNER TOY.jpeg","15","mcsupersized","","images/Trampt/McSupersized - Clear Gold Glitter - DESIGNER TOY.jpeg"
"24","McSupersized","McSupersized 48.jpg","Clear X-Ray GID McSupersized (Lucky-X Bag 2010) - DESIGNER TOY.jpeg","15","mcsupersized","","images/Trampt/Clear X-Ray GID McSupersized (Lucky-X Bag 2010) - DESIGNER TOY.jpeg"
"24","McSupersized","McSupersized 48.jpg","J Balvin Ron English McSupersized (ComplexCon '17) - DESIGNER TOY.jpeg","15","mcsupersized","","images/Trampt/J Balvin Ron English McSupersized (ComplexCon '17) - DESIGNER TOY.jpeg"
"24","McSupersized","McSupersized 48.jpg","McSupersized - Grey - DESIGNER TOY.jpeg","15","mcsupersized","","images/Trampt/McSupersized - Grey - DESIGNER TOY.jpeg"
"24","McSupersized","McSupersized 48.jpg","McSupersized - Pink GID - DESIGNER TOY.jpeg","15","mcsupersized","","images/Trampt/McSupersized - Pink GID - DESIGNER TOY.jpeg"
"24","McSupersized","McSupersized 48.jpg","McSupersized - Copper - DESIGNER TOY.jpeg","15","mcsupersized","","images/Trampt/McSupersized - Copper - DESIGNER TOY.jpeg"
"24","McSupersized","McSupersized 48.jpg","McSupersized - Green GID - DESIGNER TOY.jpeg","15","mcsupersized","","images/Trampt/McSupersized - Green GID - DESIGNER TOY.jpeg"
"25","Mousemask Murphy in Airplane","Black Mousemask Murphy in Airplane - DESIGNER TOY.jpeg","Mousemask Murphy in Airplane - Popaganda Army - DESIGNER TOY.jpeg","27","mousemask murphy in airplane","","images/Trampt/Mousemask Murphy in Airplane - Popaganda Army - DESIGNER TOY.jpeg"
"25","Mousemask Murphy in Airplane","Black Mousemask Murphy in Airplane - DESIGNER TOY.jpeg","Mousemask Murphy in Airplane - Psycho Camo edition - DESIGNER TOY-2.jpeg","27","mousemask murphy in airplane","","images/Trampt/Mousemask Murphy in Airplane - Psycho Camo edition - DESIGNER TOY-2.jpeg"
"25","Mousemask Murphy in Airplane","Black Mousemask Murphy in Airplane - DESIGNER TOY.jpeg","Black Mousemask Murphy in Airplane - DESIGNER TOY.jpeg","27","mousemask murphy in airplane","","images/Trampt/Black Mousemask Murphy in Airplane - DESIGNER TOY.jpeg"
"25","Mousemask Murphy in Airplane","Black Mousemask Murphy in Airplane - DESIGNER TOY.jpeg","MOUSEMASK MURPHY IN AIRPLANE - Black Book Toy - DESIGNER TOY-3.jpeg","27","mousemask murphy in airplane","","images/Trampt/MOUSEMASK MURPHY IN AIRPLANE - Black Book Toy - DESIGNER TOY-3.jpeg"
"25","Mousemask Murphy in Airplane","Black Mousemask Murphy in Airplane - DESIGNER TOY.jpeg","Mousemask Murphy in Airplane - Supervillain - DESIGNER TOY.jpeg","27","mousemask murphy in airplane","","images/Trampt/Mousemask Murphy in Airplane - Supervillain - DESIGNER TOY.jpeg"
"25","Mousemask Murphy in Airplane","Black Mousemask Murphy in Airplane - DESIGNER TOY.jpeg","Mousemask Murphy in Airplane - The Boy's Alter Ego - DESIGNER TOY.jpeg","27","mousemask murphy in airplane","","images/Trampt/Mousemask Murphy in Airplane - The Boy's Alter Ego - DESIGNER TOY.jpeg"
"25","Mousemask Murphy in Airplane","Black Mousemask Murphy in Airplane - DESIGNER TOY.jpeg","Mousemask Murphy in Airplane - Shark Teeth GY! - DESIGNER TOY-2.jpeg","27","mousemask murphy in airplane","","images/Trampt/Mousemask Murphy in Airplane - Shark Teeth GY! - DESIGNER TOY-2.jpeg"
"25","Mousemask Murphy in Airplane","Black Mousemask Murphy in Airplane - DESIGNER TOY.jpeg","Mousemask Murphy in Airplane - Stealth - DESIGNER TOY.jpeg","27","mousemask murphy in airplane","","images/Trampt/Mousemask Murphy in Airplane - Stealth - DESIGNER TOY.jpeg"
"26","POPaganda Couch","couch.jpg","couch.jpg","15","couch","","images/Trampt/couch.jpg"
"26","POPaganda Couch","couch.jpg","Valentine Dinogrenade (Pink POPaganda Exclusive) - DESIGNER TOY-2.jpeg","5","popaganda","","images/Trampt/Valentine Dinogrenade (Pink POPaganda Exclusive) - DESIGNER TOY-2.jpeg"
"26","POPaganda Couch","couch.jpg","Mousemask Murphy in Airplane - Popaganda Army - DESIGNER TOY.jpeg","5","popaganda","","images/Trampt/Mousemask Murphy in Airplane - Popaganda Army - DESIGNER TOY.jpeg"
"26","POPaganda Couch","couch.jpg","Big Boner - Popaganda Pink - DESIGNER TOY.jpeg","5","popaganda","","images/Trampt/Big Boner - Popaganda Pink - DESIGNER TOY.jpeg"
"26","POPaganda Couch","couch.jpg","zzValentine Dinogrenade (Pink POPaganda Exclusive) - DESIGNER TOY.jpeg","5","popaganda","","images/Trampt/zzValentine Dinogrenade (Pink POPaganda Exclusive) - DESIGNER TOY.jpeg"
"26","POPaganda Couch","couch.jpg","zumiez couch-heritage.jpg","4","couch","","images/Web-Documentation/zumiez couch-heritage.jpg"
"26","POPaganda Couch","couch.jpg","100% + 400% Ron English Bearbrick (Set) - DESIGNER TOY.jpeg","1","","","images/Trampt/100% + 400% Ron English Bearbrick (Set) - DESIGNER TOY.jpeg"
"26","POPaganda Couch","couch.jpg","100% + 400% Have a Grin Day Be@rbrick (Set) - DESIGNER TOY.jpeg","1","","","images/Trampt/100% + 400% Have a Grin Day Be@rbrick (Set) - DESIGNER TOY.jpeg"
"27","Giant Scratch 1","RON ENGLISH GIANT SCRATCH 1 - Custom Toy - Trampt item 1055.jpg","RON ENGLISH GIANT SCRATCH 1 - Custom Toy - Trampt item 1055.jpg","19","giant scratch","","images/Trampt/RON ENGLISH GIANT SCRATCH 1 - Custom Toy - Trampt item 1055.jpg"
"27","Giant Scratch 1","RON ENGLISH GIANT SCRATCH 1 - Custom Toy - Trampt item 1055.jpg","RON ENGLISH GIANT SCRATCH 2 - Custom Toy - Trampt item 268.jpg","9","giant scratch","","images/Trampt/RON ENGLISH GIANT SCRATCH 2 - Custom Toy - Trampt item 268.jpg"
"27","Giant Scratch 1","RON ENGLISH GIANT SCRATCH 1 - Custom Toy - Trampt item 1055.jpg","RON ENGLISH GIANT TED 2 - Custom Toy - Trampt item 530.jpg","5","giant","","images/Trampt/RON ENGLISH GIANT TED 2 - Custom Toy - Trampt item 530.jpg"
"27","Giant Scratch 1","RON ENGLISH GIANT SCRATCH 1 - Custom Toy - Trampt item 1055.jpg","RON ENGLISH GIANT TED 1 - Custom Toy - Trampt item 241.jpg","5","giant","","images/Trampt/RON ENGLISH GIANT TED 1 - Custom Toy - Trampt item 241.jpg"
"27","Giant Scratch 1","RON ENGLISH GIANT SCRATCH 1 - Custom Toy - Trampt item 1055.jpg","100% Bearbrick x RonEnglish DCon 2025 - Custom Toy - Trampt item 444.jpeg","1","","","images/Trampt/100% Bearbrick x RonEnglish DCon 2025 - Custom Toy - Trampt item 444.jpeg"
"27","Giant Scratch 1","RON ENGLISH GIANT SCRATCH 1 - Custom Toy - Trampt item 1055.jpg","11 Bart Grin - OG - DESIGNER TOY.jpeg","1","","","images/Trampt/11 Bart Grin - OG - DESIGNER TOY.jpeg"
"27","Giant Scratch 1","RON ENGLISH GIANT SCRATCH 1 - Custom Toy - Trampt item 1055.jpg","100% + 400% Ron English Bearbrick (Set) - DESIGNER TOY.jpeg","1","","","images/Trampt/100% + 400% Ron English Bearbrick (Set) - DESIGNER TOY.jpeg"
"27","Giant Scratch 1","RON ENGLISH GIANT SCRATCH 1 - Custom Toy - Trampt item 1055.jpg","100% + 400% Have a Grin Day Be@rbrick (Set) - DESIGNER TOY.jpeg","1","","","images/Trampt/100% + 400% Have a Grin Day Be@rbrick (Set) - DESIGNER TOY.jpeg"
"28","Giant Scratch 2","RON ENGLISH GIANT SCRATCH 1 - Custom Toy - Trampt item 1055.jpg","RON ENGLISH GIANT SCRATCH 2 - Custom Toy - Trampt item 268.jpg","19","giant scratch","","images/Trampt/RON ENGLISH GIANT SCRATCH 2 - Custom Toy - Trampt item 268.jpg"
"28","Giant Scratch 2","RON ENGLISH GIANT SCRATCH 1 - Custom Toy - Trampt item 1055.jpg","RON ENGLISH GIANT SCRATCH 1 - Custom Toy - Trampt item 1055.jpg","9","giant scratch","","images/Trampt/RON ENGLISH GIANT SCRATCH 1 - Custom Toy - Trampt item 1055.jpg"
"28","Giant Scratch 2","RON ENGLISH GIANT SCRATCH 1 - Custom Toy - Trampt item 1055.jpg","RON ENGLISH GIANT TED 2 - Custom Toy - Trampt item 530.jpg","5","giant","","images/Trampt/RON ENGLISH GIANT TED 2 - Custom Toy - Trampt item 530.jpg"
"28","Giant Scratch 2","RON ENGLISH GIANT SCRATCH 1 - Custom Toy - Trampt item 1055.jpg","RON ENGLISH GIANT TED 1 - Custom Toy - Trampt item 241.jpg","5","giant","","images/Trampt/RON ENGLISH GIANT TED 1 - Custom Toy - Trampt item 241.jpg"
"28","Giant Scratch 2","RON ENGLISH GIANT SCRATCH 1 - Custom Toy - Trampt item 1055.jpg","100% Bearbrick x RonEnglish DCon 2025 - Custom Toy - Trampt item 444.jpeg","1","","","images/Trampt/100% Bearbrick x RonEnglish DCon 2025 - Custom Toy - Trampt item 444.jpeg"
"28","Giant Scratch 2","RON ENGLISH GIANT SCRATCH 1 - Custom Toy - Trampt item 1055.jpg","11 Bart Grin - OG - DESIGNER TOY.jpeg","1","","","images/Trampt/11 Bart Grin - OG - DESIGNER TOY.jpeg"
"28","Giant Scratch 2","RON ENGLISH GIANT SCRATCH 1 - Custom Toy - Trampt item 1055.jpg","100% + 400% Have a Grin Day Be@rbrick (Set) - DESIGNER TOY.jpeg","1","","","images/Trampt/100% + 400% Have a Grin Day Be@rbrick (Set) - DESIGNER TOY.jpeg"
"28","Giant Scratch 2","RON ENGLISH GIANT SCRATCH 1 - Custom Toy - Trampt item 1055.jpg","100% + 400% Ron English Bearbrick (Set) - DESIGNER TOY.jpeg","1","","","images/Trampt/100% + 400% Ron English Bearbrick (Set) - DESIGNER TOY.jpeg"
"29","Giant Ted 1","RON ENGLISH GIANT TED 1 - Custom Toy - Trampt item 241.jpg","RON ENGLISH GIANT TED 1 - Custom Toy - Trampt item 241.jpg","19","giant ted","","images/Trampt/RON ENGLISH GIANT TED 1 - Custom Toy - Trampt item 241.jpg"
"29","Giant Ted 1","RON ENGLISH GIANT TED 1 - Custom Toy - Trampt item 241.jpg","RON ENGLISH GIANT TED 2 - Custom Toy - Trampt item 530.jpg","9","giant ted","","images/Trampt/RON ENGLISH GIANT TED 2 - Custom Toy - Trampt item 530.jpg"
"29","Giant Ted 1","RON ENGLISH GIANT TED 1 - Custom Toy - Trampt item 241.jpg","RON ENGLISH GIANT SCRATCH 2 - Custom Toy - Trampt item 268.jpg","5","giant","","images/Trampt/RON ENGLISH GIANT SCRATCH 2 - Custom Toy - Trampt item 268.jpg"
"29","Giant Ted 1","RON ENGLISH GIANT TED 1 - Custom Toy - Trampt item 241.jpg","RON ENGLISH GIANT SCRATCH 1 - Custom Toy - Trampt item 1055.jpg","5","giant","","images/Trampt/RON ENGLISH GIANT SCRATCH 1 - Custom Toy - Trampt item 1055.jpg"
"29","Giant Ted 1","RON ENGLISH GIANT TED 1 - Custom Toy - Trampt item 241.jpg","Dinogrenade - Hand Painted - DESIGNER TOY.jpeg","3","ted","","images/Trampt/Dinogrenade - Hand Painted - DESIGNER TOY.jpeg"
"29","Giant Ted 1","RON ENGLISH GIANT TED 1 - Custom Toy - Trampt item 241.jpg","DINOGRENADE - HAND PAINTED - DESIGNER TOY-2.jpeg","3","ted","","images/Trampt/DINOGRENADE - HAND PAINTED - DESIGNER TOY-2.jpeg"
"29","Giant Ted 1","RON ENGLISH GIANT TED 1 - Custom Toy - Trampt item 241.jpg","CATHY COWGIRL - PINK (LIMITED EDITION OF 30) - Custom Toy - Trampt item 552.jpg","3","ted","","images/Trampt/CATHY COWGIRL - PINK (LIMITED EDITION OF 30) - Custom Toy - Trampt item 552.jpg"
"29","Giant Ted 1","RON ENGLISH GIANT TED 1 - Custom Toy - Trampt item 241.jpg","Cereal Killers - Sugar Frosted Fat - DESIGNER TOY.jpeg","3","ted","","images/Trampt/Cereal Killers - Sugar Frosted Fat - DESIGNER TOY.jpeg"
"30","Giant Ted 2","RON ENGLISH GIANT TED 1 - Custom Toy - Trampt item 241.jpg","RON ENGLISH GIANT TED 2 - Custom Toy - Trampt item 530.jpg","19","giant ted","","images/Trampt/RON ENGLISH GIANT TED 2 - Custom Toy - Trampt item 530.jpg"
"30","Giant Ted 2","RON ENGLISH GIANT TED 1 - Custom Toy - Trampt item 241.jpg","RON ENGLISH GIANT TED 1 - Custom Toy - Trampt item 241.jpg","9","giant ted","","images/Trampt/RON ENGLISH GIANT TED 1 - Custom Toy - Trampt item 241.jpg"
"30","Giant Ted 2","RON ENGLISH GIANT TED 1 - Custom Toy - Trampt item 241.jpg","RON ENGLISH GIANT SCRATCH 2 - Custom Toy - Trampt item 268.jpg","5","giant","","images/Trampt/RON ENGLISH GIANT SCRATCH 2 - Custom Toy - Trampt item 268.jpg"
"30","Giant Ted 2","RON ENGLISH GIANT TED 1 - Custom Toy - Trampt item 241.jpg","RON ENGLISH GIANT SCRATCH 1 - Custom Toy - Trampt item 1055.jpg","5","giant","","images/Trampt/RON ENGLISH GIANT SCRATCH 1 - Custom Toy - Trampt item 1055.jpg"
"30","Giant Ted 2","RON ENGLISH GIANT TED 1 - Custom Toy - Trampt item 241.jpg","Dinogrenade - Hand Painted - DESIGNER TOY.jpeg","3","ted","","images/Trampt/Dinogrenade - Hand Painted - DESIGNER TOY.jpeg"
"30","Giant Ted 2","RON ENGLISH GIANT TED 1 - Custom Toy - Trampt item 241.jpg","DINOGRENADE - HAND PAINTED - DESIGNER TOY-2.jpeg","3","ted","","images/Trampt/DINOGRENADE - HAND PAINTED - DESIGNER TOY-2.jpeg"
"30","Giant Ted 2","RON ENGLISH GIANT TED 1 - Custom Toy - Trampt item 241.jpg","CATHY COWGIRL - PINK (LIMITED EDITION OF 30) - Custom Toy - Trampt item 552.jpg","3","ted","","images/Trampt/CATHY COWGIRL - PINK (LIMITED EDITION OF 30) - Custom Toy - Trampt item 552.jpg"
"30","Giant Ted 2","RON ENGLISH GIANT TED 1 - Custom Toy - Trampt item 241.jpg","Cereal Killers - Sugar Frosted Fat - DESIGNER TOY.jpeg","3","ted","","images/Trampt/Cereal Killers - Sugar Frosted Fat - DESIGNER TOY.jpeg"
"31","Ron English x Dudebox, Giant Scratch","Dudebox.jpg","Dudebox.jpg","15","dudebox","","images/Trampt/Dudebox.jpg"
"31","Ron English x Dudebox, Giant Scratch","Dudebox.jpg","Ron English.jpeg","11","","","images/Trampt/Ron English.jpeg"
"31","Ron English x Dudebox, Giant Scratch","Dudebox.jpg","RON ENGLISH GIANT SCRATCH 2 - Custom Toy - Trampt item 268.jpg","9","giant scratch","","images/Trampt/RON ENGLISH GIANT SCRATCH 2 - Custom Toy - Trampt item 268.jpg"
"31","Ron English x Dudebox, Giant Scratch","Dudebox.jpg","RON ENGLISH GIANT SCRATCH 1 - Custom Toy - Trampt item 1055.jpg","9","giant scratch","","images/Trampt/RON ENGLISH GIANT SCRATCH 1 - Custom Toy - Trampt item 1055.jpg"
"31","Ron English x Dudebox, Giant Scratch","Dudebox.jpg","RON ENGLISH GIANT TED 1 - Custom Toy - Trampt item 241.jpg","5","giant","","images/Trampt/RON ENGLISH GIANT TED 1 - Custom Toy - Trampt item 241.jpg"
"31","Ron English x Dudebox, Giant Scratch","Dudebox.jpg","RON ENGLISH GIANT TED 2 - Custom Toy - Trampt item 530.jpg","5","giant","","images/Trampt/RON ENGLISH GIANT TED 2 - Custom Toy - Trampt item 530.jpg"
"31","Ron English x Dudebox, Giant Scratch","Dudebox.jpg","dudebox-heritage.jpg","4","dudebox","","images/Web-Documentation/dudebox-heritage.jpg"
"31","Ron English x Dudebox, Giant Scratch","Dudebox.jpg","100% + 400% Have a Grin Day Be@rbrick (Set) - DESIGNER TOY.jpeg","1","","","images/Trampt/100% + 400% Have a Grin Day Be@rbrick (Set) - DESIGNER TOY.jpeg"
"32","Little Bigfoot - Silver","Silver Little Bigfoot - Custom Toy - Trampt item 209.jpg","Silver Little Bigfoot - Custom Toy - Trampt item 209.jpg","21","little bigfoot silver","","images/Trampt/Silver Little Bigfoot - Custom Toy - Trampt item 209.jpg"
"32","Little Bigfoot - Silver","Silver Little Bigfoot - Custom Toy - Trampt item 209.jpg","Abraham Obama - Silver - DESIGNER TOY-2.jpeg","13","silver","","images/Trampt/Abraham Obama - Silver - DESIGNER TOY-2.jpeg"
"32","Little Bigfoot - Silver","Silver Little Bigfoot - Custom Toy - Trampt item 209.jpg","Abraham Obama - Silver - DESIGNER TOY.jpeg","13","silver","","images/Trampt/Abraham Obama - Silver - DESIGNER TOY.jpeg"
"32","Little Bigfoot - Silver","Silver Little Bigfoot - Custom Toy - Trampt item 209.jpg","4.75 Boxing Brain Silver (Left Hand) - DESIGNER TOY.jpeg","13","silver","","images/Trampt/4.75 Boxing Brain Silver (Left Hand) - DESIGNER TOY.jpeg"
"32","Little Bigfoot - Silver","Silver Little Bigfoot - Custom Toy - Trampt item 209.jpg","Dark Star Silver Grin - DESIGNER TOY.jpeg","13","silver","","images/Trampt/Dark Star Silver Grin - DESIGNER TOY.jpeg"
"32","Little Bigfoot - Silver","Silver Little Bigfoot - Custom Toy - Trampt item 209.jpg","Dark Star Silver Grin - DESIGNER TOY-2.jpeg","13","silver","","images/Trampt/Dark Star Silver Grin - DESIGNER TOY-2.jpeg"
"32","Little Bigfoot - Silver","Silver Little Bigfoot - Custom Toy - Trampt item 209.jpg","Charlie Grin Shocking Sunflower (Silver) - DESIGNER TOY.jpeg","13","silver","","images/Trampt/Charlie Grin Shocking Sunflower (Silver) - DESIGNER TOY.jpeg"
"32","Little Bigfoot - Silver","Silver Little Bigfoot - Custom Toy - Trampt item 209.jpg","Chinese New Year Smiley Grin (Silver Smile) - DESIGNER TOY.jpeg","13","silver","","images/Trampt/Chinese New Year Smiley Grin (Silver Smile) - DESIGNER TOY.jpeg"
"33","Starskull Walking Stick","starskull-walking-stick-sculpture.jpg","starskull-walking-stick-sculpture.jpg","23","starskull walking stick","","images/Trampt/starskull-walking-stick-sculpture.jpg"
"33","Starskull Walking Stick","starskull-walking-stick-sculpture.jpg","84 Black Starskull Walkimg Stick - Custom Toy - Trampt item 462.jpeg","9","starskull stick","","images/Trampt/84 Black Starskull Walkimg Stick - Custom Toy - Trampt item 462.jpeg"
"33","Starskull Walking Stick","starskull-walking-stick-sculpture.jpg","starskull-walkingstick-sculpture-neonature.jpg","8","starskull walking stick","","images/Web-Documentation/starskull-walkingstick-sculpture-neonature.jpg"
"33","Starskull Walking Stick","starskull-walking-stick-sculpture.jpg","Starskull Flower - Original Art - Trampt item 87.jpg","5","starskull","","images/Trampt/Starskull Flower - Original Art - Trampt item 87.jpg"
"33","Starskull Walking Stick","starskull-walking-stick-sculpture.jpg","Starskull DJ - ART PRINT.jpeg","5","starskull","","images/Trampt/Starskull DJ - ART PRINT.jpeg"
"33","Starskull Walking Stick","starskull-walking-stick-sculpture.jpg","zstarskull.jpeg","3","starskull","","images/Trampt/zstarskull.jpeg"
"33","Starskull Walking Stick","starskull-walking-stick-sculpture.jpg","100% + 400% Ron English Bearbrick (Set) - DESIGNER TOY.jpeg","1","","","images/Trampt/100% + 400% Ron English Bearbrick (Set) - DESIGNER TOY.jpeg"
"33","Starskull Walking Stick","starskull-walking-stick-sculpture.jpg","100% + 400% Have a Grin Day Be@rbrick (Set) - DESIGNER TOY.jpeg","1","","","images/Trampt/100% + 400% Have a Grin Day Be@rbrick (Set) - DESIGNER TOY.jpeg"
"34","Telegrinnie - Gold","48 Green Telegrinnie - DESIGNER TOY.jpeg","Telegrinnie 4ft Gold - DESIGNER TOY.jpeg","17","telegrinnie gold","","images/Trampt/Telegrinnie 4ft Gold - DESIGNER TOY.jpeg"
"34","Telegrinnie - Gold","48 Green Telegrinnie - DESIGNER TOY.jpeg","Telegrinnies Club Cubic Gold - DESIGNER TOY.jpeg","15","telegrinnie gold","","images/Trampt/Telegrinnies Club Cubic Gold - DESIGNER TOY.jpeg"
"34","Telegrinnie - Gold","48 Green Telegrinnie - DESIGNER TOY.jpeg","Abraham Obama - Gold - DESIGNER TOY.jpeg","13","gold","","images/Trampt/Abraham Obama - Gold - DESIGNER TOY.jpeg"
"34","Telegrinnie - Gold","48 Green Telegrinnie - DESIGNER TOY.jpeg","4.75 Boxing Brain Gold (Right Hand) - DESIGNER TOY.jpeg","13","gold","","images/Trampt/4.75 Boxing Brain Gold (Right Hand) - DESIGNER TOY.jpeg"
"34","Telegrinnie - Gold","48 Green Telegrinnie - DESIGNER TOY.jpeg","Charlie Grin - Highsnobiety Gold Edition - DESIGNER TOY.jpeg","13","gold","","images/Trampt/Charlie Grin - Highsnobiety Gold Edition - DESIGNER TOY.jpeg"
"34","Telegrinnie - Gold","48 Green Telegrinnie - DESIGNER TOY.jpeg","Charlie Grin - Mono w Gold Grill ( JPS Exclusive ) - DESIGNER TOY.jpeg","13","gold","","images/Trampt/Charlie Grin - Mono w Gold Grill ( JPS Exclusive ) - DESIGNER TOY.jpeg"
"34","Telegrinnie - Gold","48 Green Telegrinnie - DESIGNER TOY.jpeg","BARNEY GRIN - JPS Bubble B-Rex Grin Player 1 ( JPS EDITION ) ( Gold Grin ) VIP NFS - DESIGNER TOY.jpeg","13","gold","","images/Trampt/BARNEY GRIN - JPS Bubble B-Rex Grin Player 1 ( JPS EDITION ) ( Gold Grin ) VIP NFS - DESIGNER TOY.jpeg"
"34","Telegrinnie - Gold","48 Green Telegrinnie - DESIGNER TOY.jpeg","Cathy Cowgirl - Gold - DESIGNER TOY.jpeg","13","gold","","images/Trampt/Cathy Cowgirl - Gold - DESIGNER TOY.jpeg"
"35","Telegrinnie - Purple","Telegrinnie 4ft Purple - DESIGNER TOY.jpeg","Telegrinnie 4ft Purple - DESIGNER TOY.jpeg","17","telegrinnie purple","","images/Trampt/Telegrinnie 4ft Purple - DESIGNER TOY.jpeg"
"35","Telegrinnie - Purple","Telegrinnie 4ft Purple - DESIGNER TOY.jpeg","Heart Skull - Glitter Purple - Custom Toy - Trampt item 577.jpg","13","purple","","images/Trampt/Heart Skull - Glitter Purple - Custom Toy - Trampt item 577.jpg"
"35","Telegrinnie - Purple","Telegrinnie 4ft Purple - DESIGNER TOY.jpeg","Heart Brain - Purple Heart - Custom Toy - Trampt item 284.jpg","13","purple","","images/Trampt/Heart Brain - Purple Heart - Custom Toy - Trampt item 284.jpg"
"35","Telegrinnie - Purple","Telegrinnie 4ft Purple - DESIGNER TOY.jpeg","Bunnny Rabbbit - Purple - DESIGNER TOY.jpeg","13","purple","","images/Trampt/Bunnny Rabbbit - Purple - DESIGNER TOY.jpeg"
"35","Telegrinnie - Purple","Telegrinnie 4ft Purple - DESIGNER TOY.jpeg","Magic PumpGrin (purple) - DESIGNER TOY.jpeg","13","purple","","images/Trampt/Magic PumpGrin (purple) - DESIGNER TOY.jpeg"
"35","Telegrinnie - Purple","Telegrinnie 4ft Purple - DESIGNER TOY.jpeg","Plaid Tile Dead Toy Soldier Painting (Purple) - Original Art - Trampt item 1061.jpg","13","purple","","images/Trampt/Plaid Tile Dead Toy Soldier Painting (Purple) - Original Art - Trampt item 1061.jpg"
"35","Telegrinnie - Purple","Telegrinnie 4ft Purple - DESIGNER TOY.jpeg","Heart Skull - Purple Glitter - Custom Toy - Trampt item 418.jpg","13","purple","","images/Trampt/Heart Skull - Purple Glitter - Custom Toy - Trampt item 418.jpg"
"35","Telegrinnie - Purple","Telegrinnie 4ft Purple - DESIGNER TOY.jpeg","Light Cult Crypto Club Framed Bulb (Purple) - ART PRINT.jpeg","13","purple","","images/Trampt/Light Cult Crypto Club Framed Bulb (Purple) - ART PRINT.jpeg"
"36","Telegrinnie - Red","48 Green Telegrinnie - DESIGNER TOY.jpeg","Telegrinnie 4ft Red - DESIGNER TOY.jpeg","17","telegrinnie red","","images/Trampt/Telegrinnie 4ft Red - DESIGNER TOY.jpeg"
"36","Telegrinnie - Red","48 Green Telegrinnie - DESIGNER TOY.jpeg","Telegrinnies ( JPS Edition ) normal edt - number 61-200 red chest cover - DESIGNER TOY.jpeg","15","telegrinnie red","","images/Trampt/Telegrinnies ( JPS Edition ) normal edt - number 61-200 red chest cover - DESIGNER TOY.jpeg"
"36","Telegrinnie - Red","48 Green Telegrinnie - DESIGNER TOY.jpeg","4.75 Boxing Brain Red (Right Hand) - DESIGNER TOY-2.jpeg","13","red","","images/Trampt/4.75 Boxing Brain Red (Right Hand) - DESIGNER TOY-2.jpeg"
"36","Telegrinnie - Red","48 Green Telegrinnie - DESIGNER TOY.jpeg","4.75 Boxing Brain Red (Left Hand) - DESIGNER TOY.jpeg","13","red","","images/Trampt/4.75 Boxing Brain Red (Left Hand) - DESIGNER TOY.jpeg"
"36","Telegrinnie - Red","48 Green Telegrinnie - DESIGNER TOY.jpeg","Mars Red Marvin the Martian - DESIGNER TOY.jpeg","13","red","","images/Trampt/Mars Red Marvin the Martian - DESIGNER TOY.jpeg"
"36","Telegrinnie - Red","48 Green Telegrinnie - DESIGNER TOY.jpeg","MC Supersized Red Glitter (Hong Kong Toysoul Exclusive) - DESIGNER TOY.jpeg","13","red","","images/Trampt/MC Supersized Red Glitter (Hong Kong Toysoul Exclusive) - DESIGNER TOY.jpeg"
"36","Telegrinnie - Red","48 Green Telegrinnie - DESIGNER TOY.jpeg","Charlie Grin Zac Pac Edition - Red 48 - DESIGNER TOY.jpeg","13","red","","images/Trampt/Charlie Grin Zac Pac Edition - Red 48 - DESIGNER TOY.jpeg"
"36","Telegrinnie - Red","48 Green Telegrinnie - DESIGNER TOY.jpeg","EVIL MC - Diamond Dust Edition ( Red makeup ) - DESIGNER TOY-2.jpeg","13","red","","images/Trampt/EVIL MC - Diamond Dust Edition ( Red makeup ) - DESIGNER TOY-2.jpeg"
"37","Telegrinnie - Silver","Telegrinnie 4ft Silver - DESIGNER TOY.jpeg","Telegrinnie 4ft Silver - DESIGNER TOY.jpeg","17","telegrinnie silver","","images/Trampt/Telegrinnie 4ft Silver - DESIGNER TOY.jpeg"
"37","Telegrinnie - Silver","Telegrinnie 4ft Silver - DESIGNER TOY.jpeg","Telegrinnies Club Cubic Silver - DESIGNER TOY.jpeg","15","telegrinnie silver","","images/Trampt/Telegrinnies Club Cubic Silver - DESIGNER TOY.jpeg"
"37","Telegrinnie - Silver","Telegrinnie 4ft Silver - DESIGNER TOY.jpeg","Abraham Obama - Silver - DESIGNER TOY.jpeg","13","silver","","images/Trampt/Abraham Obama - Silver - DESIGNER TOY.jpeg"
"37","Telegrinnie - Silver","Telegrinnie 4ft Silver - DESIGNER TOY.jpeg","4.75 Boxing Brain Silver (Left Hand) - DESIGNER TOY.jpeg","13","silver","","images/Trampt/4.75 Boxing Brain Silver (Left Hand) - DESIGNER TOY.jpeg"
"37","Telegrinnie - Silver","Telegrinnie 4ft Silver - DESIGNER TOY.jpeg","Chinese New Year Smiley Grin (Silver Smile) - DESIGNER TOY.jpeg","13","silver","","images/Trampt/Chinese New Year Smiley Grin (Silver Smile) - DESIGNER TOY.jpeg"
"37","Telegrinnie - Silver","Telegrinnie 4ft Silver - DESIGNER TOY.jpeg","Dark Star Silver Grin - DESIGNER TOY.jpeg","13","silver","","images/Trampt/Dark Star Silver Grin - DESIGNER TOY.jpeg"
"37","Telegrinnie - Silver","Telegrinnie 4ft Silver - DESIGNER TOY.jpeg","Abraham Obama - Silver - DESIGNER TOY-2.jpeg","13","silver","","images/Trampt/Abraham Obama - Silver - DESIGNER TOY-2.jpeg"
"37","Telegrinnie - Silver","Telegrinnie 4ft Silver - DESIGNER TOY.jpeg","Charlie Grin Shocking Sunflower (Silver) - DESIGNER TOY.jpeg","13","silver","","images/Trampt/Charlie Grin Shocking Sunflower (Silver) - DESIGNER TOY.jpeg"
"38","Telegrinnie - Yellow","48 Green Telegrinnie - DESIGNER TOY.jpeg","Telegrinnie 4ft Yellow - DESIGNER TOY.jpeg","17","telegrinnie yellow","","images/Trampt/Telegrinnie 4ft Yellow - DESIGNER TOY.jpeg"
"38","Telegrinnie - Yellow","48 Green Telegrinnie - DESIGNER TOY.jpeg","Heart Skull - Transparent Yellow with Brain - Custom Toy - Trampt item 292.jpg","13","yellow","","images/Trampt/Heart Skull - Transparent Yellow with Brain - Custom Toy - Trampt item 292.jpg"
"38","Telegrinnie - Yellow","48 Green Telegrinnie - DESIGNER TOY.jpeg","Big Yang & The Yang Bangers - Yellow - DESIGNER TOY.jpeg","13","yellow","","images/Trampt/Big Yang & The Yang Bangers - Yellow - DESIGNER TOY.jpeg"
"38","Telegrinnie - Yellow","48 Green Telegrinnie - DESIGNER TOY.jpeg","48 Yellow Charlie Grin - DESIGNER TOY.jpeg","13","yellow","","images/Trampt/48 Yellow Charlie Grin - DESIGNER TOY.jpeg"
"38","Telegrinnie - Yellow","48 Green Telegrinnie - DESIGNER TOY.jpeg","MC Supersized - Yellow - DESIGNER TOY-2.jpeg","13","yellow","","images/Trampt/MC Supersized - Yellow - DESIGNER TOY-2.jpeg"
"38","Telegrinnie - Yellow","48 Green Telegrinnie - DESIGNER TOY.jpeg","Mc Supersized Skull Yellow - DESIGNER TOY.jpeg","13","yellow","","images/Trampt/Mc Supersized Skull Yellow - DESIGNER TOY.jpeg"
"38","Telegrinnie - Yellow","48 Green Telegrinnie - DESIGNER TOY.jpeg","Magic PumpGrin (Yellow) - DESIGNER TOY-2.jpeg","13","yellow","","images/Trampt/Magic PumpGrin (Yellow) - DESIGNER TOY-2.jpeg"
"38","Telegrinnie - Yellow","48 Green Telegrinnie - DESIGNER TOY.jpeg","MC Supersized - Yellow - DESIGNER TOY.jpeg","13","yellow","","images/Trampt/MC Supersized - Yellow - DESIGNER TOY.jpeg"
"39","Two Ton Sam","Froot Looped Two Ton Sam Mini - DESIGNER TOY-3.jpeg","TWO TON SAM (LIMITED EDITION OF 30) - Custom Toy - Trampt item 413.jpg","23","two ton sam","","images/Trampt/TWO TON SAM (LIMITED EDITION OF 30) - Custom Toy - Trampt item 413.jpg"
"39","Two Ton Sam","Froot Looped Two Ton Sam Mini - DESIGNER TOY-3.jpeg","TWO TON SAM - DESIGNER TOY.jpeg","23","two ton sam","","images/Trampt/TWO TON SAM - DESIGNER TOY.jpeg"
"39","Two Ton Sam","Froot Looped Two Ton Sam Mini - DESIGNER TOY-3.jpeg","Froot Looped Two Ton Sam Mini - DESIGNER TOY-3.jpeg","23","two ton sam","","images/Trampt/Froot Looped Two Ton Sam Mini - DESIGNER TOY-3.jpeg"
"39","Two Ton Sam","Froot Looped Two Ton Sam Mini - DESIGNER TOY-3.jpeg","two-ton-sculpture-neonature.jpg","8","two ton","","images/Web-Documentation/two-ton-sculpture-neonature.jpg"
"39","Two Ton Sam","Froot Looped Two Ton Sam Mini - DESIGNER TOY-3.jpeg","Yosemite Sam (SDCC '18) - DESIGNER TOY.jpeg","5","sam","","images/Trampt/Yosemite Sam (SDCC '18) - DESIGNER TOY.jpeg"
"39","Two Ton Sam","Froot Looped Two Ton Sam Mini - DESIGNER TOY-3.jpeg","Fat Tony - Fluorescent - DESIGNER TOY.jpeg","3","ton","","images/Trampt/Fat Tony - Fluorescent - DESIGNER TOY.jpeg"
"39","Two Ton Sam","Froot Looped Two Ton Sam Mini - DESIGNER TOY-3.jpeg","Fat Tony - Antique - DESIGNER TOY.jpeg","3","ton","","images/Trampt/Fat Tony - Antique - DESIGNER TOY.jpeg"
"39","Two Ton Sam","Froot Looped Two Ton Sam Mini - DESIGNER TOY-3.jpeg","Daytona Gray Police Grin - DESIGNER TOY.jpeg","3","ton","","images/Trampt/Daytona Gray Police Grin - DESIGNER TOY.jpeg"
"40","URBAN BIGFOOT","Urban Bigfoot - DESIGNER TOY.jpeg","Urban Bigfoot Purple Rain - DESIGNER TOY.jpeg","19","urban bigfoot","","images/Trampt/Urban Bigfoot Purple Rain - DESIGNER TOY.jpeg"
"40","URBAN BIGFOOT","Urban Bigfoot - DESIGNER TOY.jpeg","Urban Bigfoot - Jungle Gold - DESIGNER TOY-2.jpeg","19","urban bigfoot","","images/Trampt/Urban Bigfoot - Jungle Gold - DESIGNER TOY-2.jpeg"
"40","URBAN BIGFOOT","Urban Bigfoot - DESIGNER TOY.jpeg","Urban Bigfoot - Halloween Marbled - DESIGNER TOY.jpeg","19","urban bigfoot","","images/Trampt/Urban Bigfoot - Halloween Marbled - DESIGNER TOY.jpeg"
"40","URBAN BIGFOOT","Urban Bigfoot - DESIGNER TOY.jpeg","Urban Bigfoot - DESIGNER TOY.jpeg","19","urban bigfoot","","images/Trampt/Urban Bigfoot - DESIGNER TOY.jpeg"
"40","URBAN BIGFOOT","Urban Bigfoot - DESIGNER TOY.jpeg","Golden Little Bigfoot - Custom Toy - Trampt item 263.jpg","5","bigfoot","","images/Trampt/Golden Little Bigfoot - Custom Toy - Trampt item 263.jpg"
"40","URBAN BIGFOOT","Urban Bigfoot - DESIGNER TOY.jpeg","BIGFOOT MOTHER TOURIST (NFS) - Original Art - Trampt item 983.jpg","5","bigfoot","","images/Trampt/BIGFOOT MOTHER TOURIST (NFS) - Original Art - Trampt item 983.jpg"
"40","URBAN BIGFOOT","Urban Bigfoot - DESIGNER TOY.jpeg","BIGFOOT FATHER TOURIST (NFS) - Original Art - Trampt item 169.jpg","5","bigfoot","","images/Trampt/BIGFOOT FATHER TOURIST (NFS) - Original Art - Trampt item 169.jpg"
"40","URBAN BIGFOOT","Urban Bigfoot - DESIGNER TOY.jpeg","BIGFOOT CHILD TOURIST (NFS) - Original Art - Trampt item 921.jpg","5","bigfoot","","images/Trampt/BIGFOOT CHILD TOURIST (NFS) - Original Art - Trampt item 921.jpg"
