"Subcategory","SubcategorySlug","Title","ItemPage","ImageFile"
"Cap'n Cornstarch","capn-cornstarch","Cap’n Cornstarch - End of Days","items/cap-n-cornstarch-end-of-days-edition-608.html","Capâ€™n Cornstarch - End of Days edition - DESIGNER TOY.jpeg"
"Cap'n Cornstarch","capn-cornstarch","Cap'n Cornstarch","items/cap-n-cornstarch-696.html","Cap'n Cornstarch - DESIGNER TOY-2.jpeg"
"Cap'n Cornstarch","capn-cornstarch","Cap'n Cornstarch - GID","items/cap-n-cornstarch-gid-66.html","Cap'n Cornstarch - GID - DESIGNER TOY.jpeg"
"Cap'n Cornstarch","capn-cornstarch","Cap'n Cornstarch - Lavender and Hot Pink","items/embarrassed-in-love-lavender-and-hot-pink-330.html","Embarrassed in Love - Lavender and Hot Pink - DESIGNER TOY.jpeg"
"Cap'n Cornstarch","capn-cornstarch","Cap'n Cornstarch - Metallic","items/cap-n-cornstarch-metallic-507.html","Cap'n Cornstarch - Metallic - DESIGNER TOY.jpeg"
"Cap'n Cornstarch","capn-cornstarch","Cap'n Cornstarch Mini","items/cap-n-cornstarch-mini-14.html","Cap'n Cornstarch Mini - DESIGNER TOY.jpeg"
"Count Calorie","count-calorie","Cereal Killers - Count Calorie","items/cereal-killers-count-calorie-122.html","Cereal Killers - Count Calorie - DESIGNER TOY.jpeg"
"Count Calorie","count-calorie","Count Calorie","items/count-calorie-653.html","Count Calorie - DESIGNER TOY.jpeg"
"Count Calorie","count-calorie","Count Calorie - GID","items/count-calorie-gid-582.html","Count Calorie - GID - DESIGNER TOY.jpeg"
"Count Calorie","count-calorie","Count Calorie Mini","items/count-calorie-mini-730.html","Count Calorie Mini - DESIGNER TOY.jpeg"
"Count Calorie","count-calorie","Count Calorie - Monotone","items/monotone-count-calorie-162.html","Monotone Count Calorie - DESIGNER TOY.jpeg"
"Count Calorie","count-calorie","Count Calorie - Purple & Green","items/count-calorie-purple-green-195.html","Count Calorie - Purple & Green - DESIGNER TOY.jpeg"
"Fat Tony","fat-tony","Fat Tony - Antique","items/fat-tony-antique-905.html","Fat Tony - Antique - DESIGNER TOY.jpeg"
"Fat Tony","fat-tony","Fat Tony - Fluorescent","items/fat-tony-fluorescent-361.html","Fat Tony - Fluorescent - DESIGNER TOY.jpeg"
"Fat Tony","fat-tony","Fat Tony - Gold","items/gold-fat-tony-772.html","Gold Fat Tony - DESIGNER TOY.jpeg"
"Fat Tony","fat-tony","Fat Tony - Original","items/fat-tony-original-529.html","Fat Tony - Original - DESIGNER TOY.jpeg"
"Fat Tony","fat-tony","Fat Tony - Pink","items/pink-fat-tony-289.html","Pink Fat Tony - DESIGNER TOY.jpeg"
"Fat Tony","fat-tony","Fat Tony - Teal","items/teal-fat-tony-242.html","Teal Fat Tony - DESIGNER TOY-2.jpeg"
"Fat Tony","fat-tony","Frosted Fat Tony - Mini","items/frosted-fat-tony-mini-98.html","Frosted Fat Tony Mini - DESIGNER TOY.jpeg"
"Franken Fat","franken-fat","Cereal Killers - Franken Fat","items/cereal-killers-franken-fat-1065.html","Cereal Killers - Franken Fat - DESIGNER TOY.jpeg"
"Franken Fat","franken-fat","Cereal Killers - Franken Fat (Gray)","items/cereal-killers-franken-fat-gray-1051.html","Cereal Killers - Franken Fat (Gray) - DESIGNER TOY.jpeg"
"Franken Fat","franken-fat","Franken Fat","items/franken-fat-700.html","Franken Fat - DESIGNER TOY.jpeg"
"Franken Fat","franken-fat","Franken Fat Mini","items/franken-fat-mini-275.html","Franken Fat Mini - DESIGNER TOY.jpeg"
"Honey Butt","honey-butt","Honey Butt the Obese Bee","items/honey-butt-the-obese-bee-831.html","Honey Butt the Obese Bee - DESIGNER TOY.jpeg"
"Smack, Crack, and Pot","smack-crack-and-pot","Obesios Smack, Crack, and Pot","items/obesios-smack-crack-and-pot-385.html","Obesios Smack, Crack, and Pot - DESIGNER TOY.jpeg"
"Smack, Crack, and Pot","smack-crack-and-pot","Smack, Crack, and Pot","items/smack-crack-and-pot-39.html","Smack, Crack, and Pot - DESIGNER TOY.jpeg"
"Smack, Crack, and Pot","smack-crack-and-pot","Smack, Crack, and Pot - Black Light","items/black-light-smack-crack-and-pot-813.html","Black Light Smack, Crack, and Pot - DESIGNER TOY.jpeg"
"Qhrist","qhrist","Cereal Killers - Qhrist","items/cereal-killers-qhrist-342.html","Cereal Killers - Qhrist - DESIGNER TOY.jpeg"
"Qhrist","qhrist","Qhrist","items/9-qhrist-22.html","9 Qhrist - DESIGNER TOY.jpeg"
"Qhrist","qhrist","Qhrist Mini","items/qhrist-mini-830.html","Qhrist Mini - DESIGNER TOY.jpeg"
"Sugar Diabetic Bear","sugar-diabetic-bear","Cereal Killers - Sugar Diabetic Bear","items/cereal-killers-sugar-diabetic-bear-847.html","Cereal Killers - Sugar Diabetic Bear - DESIGNER TOY.jpeg"
"Sugar Diabetic Bear","sugar-diabetic-bear","Sugar Diabetic Bear (SDCC '17)","items/sugar-diabetic-bear-sdcc-17-377.html","Sugar Diabetic Bear (SDCC '17) - DESIGNER TOY.jpeg"
"Sugar Diabetic Bear","sugar-diabetic-bear","Sugar Diabetic Bear - Black","items/black-sugar-diabetic-bear-148.html","Black Sugar Diabetic Bear - DESIGNER TOY.jpeg"
"Sugar Diabetic Bear","sugar-diabetic-bear","Sugar Diabetic Bear Mini","items/sugar-diabetic-bear-mini-391.html","Sugar Diabetic Bear Mini - DESIGNER TOY.jpeg"
"Sugar Diabetic Bear","sugar-diabetic-bear","Sugar Diabetic Bear - Purple & Green","items/purple-green-sugar-diabetic-bear-555.html","Purple & Green Sugar Diabetic Bear - DESIGNER TOY-2.jpeg"
"Two Ton Sam","two-ton-sam","Cereal Killers - Froot Looped","items/cereal-killers-froot-looped-657.html","Cereal Killers - Froot Looped - DESIGNER TOY-2.jpeg"
"Two Ton Sam","two-ton-sam","Two Ton Sam","items/two-ton-sam-814.html","TWO TON SAM - DESIGNER TOY.jpeg"
"Two Ton Sam","two-ton-sam","Two Ton Sam Mini","items/froot-looped-two-ton-sam-mini-271.html","Froot Looped Two Ton Sam Mini - DESIGNER TOY-3.jpeg"
"Tricky the Obese Rabbit","tricky-the-obese-rabbit","Cereal Killers - Tricks","items/cereal-killers-tricks-897.html","Cereal Killers - Tricks - DESIGNER TOY.jpeg"
"Tricky the Obese Rabbit","tricky-the-obese-rabbit","Tricks Mini","items/tricks-mini-464.html","Tricks Mini - DESIGNER TOY.jpeg"
"Tricky the Obese Rabbit","tricky-the-obese-rabbit","Tricky the Obese Rabbit","items/tricky-the-obese-rabbit-872.html","Tricky the Obese Rabbit - DESIGNER TOY.jpeg"
"Tricky the Obese Rabbit","tricky-the-obese-rabbit","Tricky the Obese Rabbit - Monotone","items/tricky-the-obese-rabbit-monotone-580.html","Tricky the Obese Rabbit Monotone - DESIGNER TOY.jpeg"
"Yucky Children Charmer","yucky-children-charmer","Cereal Killers - Yucky Children Charmer (white) (I Am Retro Exclusive)","items/cereal-killers-white-yucky-children-charmer-i-am-retro-exclusive-436.html","Cereal Killers - White Yucky Children Charmer (I Am Retro Exclusive) - DESIGNER TOY.jpeg"
"Yucky Children Charmer","yucky-children-charmer","Yucky Children Charmer","items/yucky-children-charmer-1041.html","Yucky Children Charmer - DESIGNER TOY.jpeg"
"Yucky Children Charmer","yucky-children-charmer","Yucky Children Charmer Mini","items/yucky-children-charmer-mini-525.html","Yucky Children Charmer Mini - DESIGNER TOY.jpeg"
